email subject,email body,company name (expected output)
Jane Street Application Received,"Hello, Thank you for applying for a position at Jane Street. This email is to confirm that we received your resume and will be in touch shortly regarding your status. Thank you for your interest in Jane Street.",Jane Street
Thanks for applying to Stripe!,"Hi Aaryaman, Thanks so much for submitting your application for the Software Engineer, Intern role! As a reminder, we have recorded your location preference and cohort preference (if applicable, Winter, or Summer) based on your application responses so only one application is required. With the high volume of applications, our University Recruiting team will review applications on a rolling basis which may cause a delay in our response times. We appreciate your understanding and, in the meantime, encourage you to check out our quick guide to Stripe culture [0], our blog [1], and our LinkedIn page [2] to get a feel for what we're up to at Stripe. We hope to connect soon! Stripe [0] https://stripe.com/jobs/life-at-stripe [1] https://stripe.com/blog [2] https://www.linkedin.com/company/stripe ** Please note: this inbox does not accept replies so your warm responses will not be received",Stripe
"Aaryaman, Thanks for Applying for Salesforce's Summer 2025 Intern - Software Engineer","Hi Aaryaman, Hooray! You have officially applied for the Summer 2025 Intern - Software Engineer opening at Salesforce. Thank you for letting us know youâ€™re interested in discovering new opportunities with us. Good news â€“ your information is now in the cloud. A member of our recruiting team will personally review your application. If youâ€™re a potential match for one of our open positions, weâ€™ll be in touch. If we donâ€™t have the right role for you now, donâ€™t worry, weâ€™ll keep your information on file for future opportunities. You can check on the status of your application at any point by logging into our Careers Site. ( https://salesforce.wd12.myworkdayjobs.com/External_Career_Site) Click the button in the right corner, then select â€œview profile.â€ Thanks again for considering Salesforce and have a great week! The Salesforce Recruiting Team P.S. This is an auto-generated message. Please do not reply to this email. For information on Salesforce's commitment regarding your privacy, please see our Candidate Privacy Statement Get to know us better here: This email was intended for aaryaman04@gmail.com salesforce.com inc. â€¢ Salesforce Tower, 415 Mission Street, 3rd Floor, San Francisco, CA 94105",Salesforce
"Aaryaman, your application was sent to American Institute of Insurance Research","Your application was sent to American Institute of Insurance Research Í Í Í Í Í Í Í Í Í Í Í Í Í Í Í Í Í Í Í Í Í Í Í Í Í Í Í Í Í Í Í Í Í Í Í Í Í Í Í Í Í Í Í Í Í Í Í Í Í Í Í Í Í Í Í Í Í Í Í Í Í Í Í Í Í Í Í Í Í Í Í Í Í Í Í Í Í Í Í Í Í Í Í Í Í Í Í Í Í Í Í Í Í Í Í Í Í Í Í Í Í Í Í Í Í Í Í Í Í Í Í Í Í Í Í Í Í Í Í Í Í Í Í Í Í Í Í Í Í Í Í Í Í Í Í Í Í Í Í Í Í Í Í Í Í Í Í Í Í Í Í Í Í Í Í Í Í Í Í Í Your application was sent to American Institute of Insurance Research Software Engineer Intern American Institute of Insurance Research Â· Atlanta Metropolitan Area (Hybrid) Applied on December 26, 2024 Now, take these next steps for more success View similar jobs you may be interested in Software Engineering Intern Airbnb Â· United States (Remote) 24 company alumni 92 school alumni Software Engineering Intern Teradata Â· California, United States (Remote) 3 company alumni 24 school alumni Software Engineering Intern Ontra Â· United States (Remote) 2 company alumni 1 school alum This email was intended for Aaryaman Agarwal (Computer Science Student at Georgia Institute of Technology) Learn why we included this. You are receiving LinkedIn notification emails. Unsubscribe Â· Help Â© 2024 LinkedIn Corporation, 1â€Œ000 West Maude Avenue, Sunnyvale, CA 94085. LinkedIn and the LinkedIn logo are registered trademarks of LinkedIn.",American Institute of Insurance Research
Your application was viewed by [P1] Games,"Your application was viewed by [P1] Games Í Í Í Í Í Í Í Í Í Í Í Í Í Í Í Í Í Í Í Í Í Í Í Í Í Í Í Í Í Í Í Í Í Í Í Í Í Í Í Í Í Í Í Í Í Í Í Í Í Í Í Í Í Í Í Í Í Í Í Í Í Í Í Í Í Í Í Í Í Í Í Í Í Í Í Í Í Í Í Í Í Í Í Í Í Í Í Í Í Í Í Í Í Í Í Í Í Í Í Í Í Í Í Í Í Í Í Í Í Í Í Í Í Í Í Í Í Í Í Í Í Í Í Í Í Í Í Í Í Í Í Í Í Í Í Í Í Í Í Í Í Í Í Í Í Í Í Í Í Í Í Í Í Í Í Í Í Í Í Í Your application was viewed Great job getting noticed by the hiring team at [P1] Games Volunteer Game Developer [P1] Games Â· United States Applied on Dec 22 Explore similar jobs recommended for you Summer 2025 Software Engineer Intern - US & Canada Whatnot Â· United States Game Developer Microsoft Â· United States Volunteer Game Programmer [P1] Games Â· United States Show all similar jobs Next, strengthen your profile The hiring team may want to learn more about you. Your experiences, skills and summary are what recruiters look for most. Update your profile Connect with people you know who work at [P1] Games Reach out for valuable insight into company culture, team dynamics, and the hiring process. Kai Mitchell Marketing Manager View profile View profile Show more Get the new LinkedIn desktop app Also available on mobile This email was intended for Aaryaman Agarwal (Computer Science Student at Georgia Institute of Technology) Learn why we included this. You are receiving LinkedIn notification emails. Unsubscribe Â· Help Â© 2024 LinkedIn Corporation, 1â€Œ000 West Maude Avenue, Sunnyvale, CA 94085. LinkedIn and the LinkedIn logo are registered trademarks of LinkedIn.",[P1] Games
"Aaryaman, your application was sent to [P1] Games","Your application was sent to [P1] Games Í Í Í Í Í Í Í Í Í Í Í Í Í Í Í Í Í Í Í Í Í Í Í Í Í Í Í Í Í Í Í Í Í Í Í Í Í Í Í Í Í Í Í Í Í Í Í Í Í Í Í Í Í Í Í Í Í Í Í Í Í Í Í Í Í Í Í Í Í Í Í Í Í Í Í Í Í Í Í Í Í Í Í Í Í Í Í Í Í Í Í Í Í Í Í Í Í Í Í Í Í Í Í Í Í Í Í Í Í Í Í Í Í Í Í Í Í Í Í Í Í Í Í Í Í Í Í Í Í Í Í Í Í Í Í Í Í Í Í Í Í Í Í Í Í Í Í Í Í Í Í Í Í Í Í Í Í Í Í Í Your application was sent to [P1] Games Volunteer Game Developer [P1] Games Â· United States (Remote) Applied on December 22, 2024 Now, take these next steps for more success View similar jobs you may be interested in Software Engineering Intern Airbnb Â· United States (Remote) 24 company alumni 91 school alumni Software Engineer Intern - Summer 2025 (Remote) CrowdStrike Â· Sunnyvale, CA (Remote) 8 company alumni 56 school alumni Intern - Back End Software Developer Hagerty Consulting Â· United States (Remote) 1 school alum This email was intended for Aaryaman Agarwal (Computer Science Student at Georgia Institute of Technology) Learn why we included this. You are receiving LinkedIn notification emails. Unsubscribe Â· Help Â© 2024 LinkedIn Corporation, 1â€Œ000 West Maude Avenue, Sunnyvale, CA 94085. LinkedIn and the LinkedIn logo are registered trademarks of LinkedIn.",[P1] Games
"Aaryaman, your application was sent to Vantiva","Your application was sent to Vantivaâ€Œ â€Œ â€Œ â€Œ â€Œ â€Œ â€Œ â€Œ â€Œ â€Œ â€Œ â€Œ â€Œ â€Œ â€Œ â€Œ â€Œ â€Œ â€Œ â€Œ â€Œ â€Œ â€Œ â€Œ â€Œ â€Œ â€Œ â€Œ â€Œ â€Œ â€Œ â€Œ â€Œ â€Œ â€Œ â€Œ â€Œ â€Œ â€Œ â€Œ â€Œ â€Œ â€Œ â€Œ â€Œ â€Œ â€Œ â€Œ â€Œ â€Œ â€Œ â€Œ â€Œ â€Œ â€Œ â€Œ â€Œ â€Œ â€Œ â€Œ â€Œ â€Œ â€Œ â€Œ â€Œ â€Œ â€Œ â€Œ â€Œ â€Œ â€Œ â€Œ â€Œ â€Œ â€Œ â€Œ â€Œ â€Œ â€Œ â€Œ â€Œ â€Œ â€Œ â€Œ â€Œ â€Œ â€Œ â€Œ â€Œ â€Œ â€Œ â€Œ â€Œ â€Œ â€Œ â€Œ â€Œ â€Œ â€Œ â€Œ â€Œ â€Œ â€Œ â€Œ â€Œ â€Œ â€Œ â€Œ â€Œ â€Œ â€Œ â€Œ â€Œ â€Œ â€Œ â€Œ â€Œ â€Œ â€Œ â€Œ â€Œ â€Œ â€Œ â€Œ â€Œ â€Œ â€Œ â€Œ â€Œ â€Œ â€Œ â€Œ â€Œ â€Œ â€Œ â€Œ â€Œ â€Œ â€Œ â€Œ â€Œ â€Œ â€Œ â€Œ â€Œ â€Œ â€Œ â€Œ â€Œ â€Œ â€Œ â€Œ â€Œ â€Œ â€Œ â€Œ â€Œ â€Œ â€Œ â€Œ Your application was sent to Vantiva Software Engineer Intern - IoT Division Vantiva Â· Norcross, GA Applied: 20 seconds ago View similar jobs you may be interested in Software Engineer Intern - Summer 2024 Youth Civic Hub Â· New York, NY Software Engineering Internship - Summer 2024 Tech For Good Inc Â· Boston, MA Software Engineering Intern ManTech Â· United States See more This email was intended for Aaryaman Agarwal (Computer Science Student at Georgia Institute of Technology). Learn why we included this. You are receiving Job Application Confirmation emails. Unsubscribe Â· Help Â© 2024 LinkedIn Corporation, 1â€Œ000 West Maude Avenue, Sunnyvale, CA 94085. LinkedIn and the LinkedIn logo are registered trademarks of LinkedIn.",Vantiva
"Aaryaman, your application was sent to Hangtight","Your application was sent to Hangtightâ€Œ â€Œ â€Œ â€Œ â€Œ â€Œ â€Œ â€Œ â€Œ â€Œ â€Œ â€Œ â€Œ â€Œ â€Œ â€Œ â€Œ â€Œ â€Œ â€Œ â€Œ â€Œ â€Œ â€Œ â€Œ â€Œ â€Œ â€Œ â€Œ â€Œ â€Œ â€Œ â€Œ â€Œ â€Œ â€Œ â€Œ â€Œ â€Œ â€Œ â€Œ â€Œ â€Œ â€Œ â€Œ â€Œ â€Œ â€Œ â€Œ â€Œ â€Œ â€Œ â€Œ â€Œ â€Œ â€Œ â€Œ â€Œ â€Œ â€Œ â€Œ â€Œ â€Œ â€Œ â€Œ â€Œ â€Œ â€Œ â€Œ â€Œ â€Œ â€Œ â€Œ â€Œ â€Œ â€Œ â€Œ â€Œ â€Œ â€Œ â€Œ â€Œ â€Œ â€Œ â€Œ â€Œ â€Œ â€Œ â€Œ â€Œ â€Œ â€Œ â€Œ â€Œ â€Œ â€Œ â€Œ â€Œ â€Œ â€Œ â€Œ â€Œ â€Œ â€Œ â€Œ â€Œ â€Œ â€Œ â€Œ â€Œ â€Œ â€Œ â€Œ â€Œ â€Œ â€Œ â€Œ â€Œ â€Œ â€Œ â€Œ â€Œ â€Œ â€Œ â€Œ â€Œ â€Œ â€Œ â€Œ â€Œ â€Œ â€Œ â€Œ â€Œ â€Œ â€Œ â€Œ â€Œ â€Œ â€Œ â€Œ â€Œ â€Œ â€Œ â€Œ â€Œ â€Œ â€Œ â€Œ â€Œ â€Œ â€Œ â€Œ â€Œ â€Œ â€Œ â€Œ â€Œ â€Œ â€Œ Your application was sent to Hangtight Software Engineer Intern Hangtight Â· United States Applied: 36 seconds ago View similar jobs you may be interested in Software Engineer Intern HHAeXchange Â· United States Software Engineering Intern LinkSquares Â· United States Web Development Intern NextGen Federal Systems Â· Morgantown, WV See more This email was intended for Aaryaman Agarwal (Computer Science Student at Georgia Institute of Technology). Learn why we included this. You are receiving Job Application Confirmation emails. Unsubscribe Â· Help Â© 2024 LinkedIn Corporation, 1â€Œ000 West Maude Avenue, Sunnyvale, CA 94085. LinkedIn and the LinkedIn logo are registered trademarks of LinkedIn.",Hangtight
Your application was viewed by TuneTunnel,"Your application was viewed by TuneTunnel Í Í Í Í Í Í Í Í Í Í Í Í Í Í Í Í Í Í Í Í Í Í Í Í Í Í Í Í Í Í Í Í Í Í Í Í Í Í Í Í Í Í Í Í Í Í Í Í Í Í Í Í Í Í Í Í Í Í Í Í Í Í Í Í Í Í Í Í Í Í Í Í Í Í Í Í Í Í Í Í Í Í Í Í Í Í Í Í Í Í Í Í Í Í Í Í Í Í Í Í Í Í Í Í Í Í Í Í Í Í Í Í Í Í Í Í Í Í Í Í Í Í Í Í Í Í Í Í Í Í Í Í Í Í Í Í Í Í Í Í Í Í Í Í Í Í Í Í Í Í Í Í Í Í Í Í Í Í Í Í Your application was viewed Great job getting noticed by the hiring team at TuneTunnel Software Engineer Intern TuneTunnel Â· Atlanta, Georgia, United States Applied on May 29 Explore similar jobs recommended for you Software Engineer Intern Boostability Â· United States Full Stack Developer Intern CoE Mentoring Â· Silver Spring, Maryland, United States Remote Software Engineer Intern Paprika Â· San Francisco, California, United States Show all similar jobs Next, strengthen your profile The hiring team may want to learn more about you. Your experiences, skills and summary are what recruiters look for most. Update your profile Get the new LinkedIn desktop app Also available on mobile This email was intended for Aaryaman Agarwal (Computer Science Student at Georgia Institute of Technology) Learn why we included this. You are receiving LinkedIn notification emails. Unsubscribe Â· Help Â© 2024 LinkedIn Corporation, 1â€Œ000 West Maude Avenue, Sunnyvale, CA 94085. LinkedIn and the LinkedIn logo are registered trademarks of LinkedIn.",TuneTunnel
"Aaryaman, your application was sent to TuneTunnel","Your application was sent to TuneTunnelâ€Œ â€Œ â€Œ â€Œ â€Œ â€Œ â€Œ â€Œ â€Œ â€Œ â€Œ â€Œ â€Œ â€Œ â€Œ â€Œ â€Œ â€Œ â€Œ â€Œ â€Œ â€Œ â€Œ â€Œ â€Œ â€Œ â€Œ â€Œ â€Œ â€Œ â€Œ â€Œ â€Œ â€Œ â€Œ â€Œ â€Œ â€Œ â€Œ â€Œ â€Œ â€Œ â€Œ â€Œ â€Œ â€Œ â€Œ â€Œ â€Œ â€Œ â€Œ â€Œ â€Œ â€Œ â€Œ â€Œ â€Œ â€Œ â€Œ â€Œ â€Œ â€Œ â€Œ â€Œ â€Œ â€Œ â€Œ â€Œ â€Œ â€Œ â€Œ â€Œ â€Œ â€Œ â€Œ â€Œ â€Œ â€Œ â€Œ â€Œ â€Œ â€Œ â€Œ â€Œ â€Œ â€Œ â€Œ â€Œ â€Œ â€Œ â€Œ â€Œ â€Œ â€Œ â€Œ â€Œ â€Œ â€Œ â€Œ â€Œ â€Œ â€Œ â€Œ â€Œ â€Œ â€Œ â€Œ â€Œ â€Œ â€Œ â€Œ â€Œ â€Œ â€Œ â€Œ â€Œ â€Œ â€Œ â€Œ â€Œ â€Œ â€Œ â€Œ â€Œ â€Œ â€Œ â€Œ â€Œ â€Œ â€Œ â€Œ â€Œ â€Œ â€Œ â€Œ â€Œ â€Œ â€Œ â€Œ â€Œ â€Œ â€Œ â€Œ â€Œ â€Œ â€Œ â€Œ â€Œ â€Œ â€Œ â€Œ â€Œ â€Œ â€Œ â€Œ â€Œ â€Œ â€Œ â€Œ â€Œ Your application was sent to TuneTunnel Software Engineer Intern TuneTunnel Â· Atlanta, GA Applied: 12 minutes ago View similar jobs you may be interested in Full Stack Developer Intern CoE Mentoring Â· Silver Spring, MD Entry Level Software Engineer (Remote) Engtal Â· United States Software Engineer- Intern (IBM i) Help/Systems Â· United States See more This email was intended for Aaryaman Agarwal (Computer Science Student at Georgia Institute of Technology). Learn why we included this. You are receiving Job Application Confirmation emails. Unsubscribe Â· Help Â© 2024 LinkedIn Corporation, 1â€Œ000 West Maude Avenue, Sunnyvale, CA 94085. LinkedIn and the LinkedIn logo are registered trademarks of LinkedIn.",TuneTunnel
Your application was viewed by Rayca Precision,"Your application was viewed by Rayca Precision Í Í Í Í Í Í Í Í Í Í Í Í Í Í Í Í Í Í Í Í Í Í Í Í Í Í Í Í Í Í Í Í Í Í Í Í Í Í Í Í Í Í Í Í Í Í Í Í Í Í Í Í Í Í Í Í Í Í Í Í Í Í Í Í Í Í Í Í Í Í Í Í Í Í Í Í Í Í Í Í Í Í Í Í Í Í Í Í Í Í Í Í Í Í Í Í Í Í Í Í Í Í Í Í Í Í Í Í Í Í Í Í Í Í Í Í Í Í Í Í Í Í Í Í Í Í Í Í Í Í Í Í Í Í Í Í Í Í Í Í Í Í Í Í Í Í Í Í Í Í Í Í Í Í Í Í Í Í Í Í Your application was viewed Great job getting noticed by the hiring team at Rayca Precision Software Engineer - Unpaid Intern Rayca Precision Â· United States Applied on May 27 Explore similar jobs recommended for you Full Stack Developer Intern CoE Mentoring Â· Silver Spring, Maryland, United States Junior Software Engineer BayOne Solutions Â· United States Software Engineer Intern Boostability Â· United States Show all similar jobs Next, strengthen your profile The hiring team may want to learn more about you. Your experiences, skills and summary are what recruiters look for most. Update your profile Get the new LinkedIn desktop app Also available on mobile This email was intended for Aaryaman Agarwal (Computer Science Student at Georgia Institute of Technology) Learn why we included this. You are receiving LinkedIn notification emails. Unsubscribe Â· Help Â© 2024 LinkedIn Corporation, 1â€Œ000 West Maude Avenue, Sunnyvale, CA 94085. LinkedIn and the LinkedIn logo are registered trademarks of LinkedIn.",Rayca Precision
Your application to Software Engineer Intern at Boostability,"Your application to Software Engineer Intern at Boostability Í Í Í Í Í Í Í Í Í Í Í Í Í Í Í Í Í Í Í Í Í Í Í Í Í Í Í Í Í Í Í Í Í Í Í Í Í Í Í Í Í Í Í Í Í Í Í Í Í Í Í Í Í Í Í Í Í Í Í Í Í Í Í Í Í Í Í Í Í Í Í Í Í Í Í Í Í Í Í Í Í Í Í Í Í Í Í Í Í Í Í Í Í Í Í Í Í Í Í Í Í Í Í Í Í Í Í Í Í Í Í Í Í Í Í Í Í Í Í Í Í Í Í Í Í Í Í Í Í Í Í Í Í Í Í Í Í Í Í Í Í Í Í Í Í Í Í Í Í Í Í Í Í Í Í Í Í Í Í Í Your update from Boostability Software Engineer Intern Boostability Â· United States Applied on May 24 Thank you for your interest in the Software Engineer Intern position at Boostability in United States. Unfortunately, we will not be moving forward with your application, but we appreciate your time and interest in Boostability. Regards, Boostability Top jobs looking for your skills Full Stack Developer Intern CoE Mentoring Â· Silver Spring, Maryland, United States Software Engineer - Early Stage Startups Stealth Startup Â· United States Entry Level Software Engineer (Remote) Engtal Â· United States Internship, Software Engineer, AI Inference (Fall 2024) Tesla Â· Palo Alto, California, United States Software Engineering Intern Bio-Rad Laboratories Â· Pleasanton, California, United States See more jobs Get the new LinkedIn desktop app Also available on mobile This email was intended for Aaryaman Agarwal (Computer Science Student at Georgia Institute of Technology) Learn why we included this. You are receiving LinkedIn notification emails. Unsubscribe Â· Help Â© 2024 LinkedIn Corporation, 1â€Œ000 West Maude Avenue, Sunnyvale, CA 94085. LinkedIn and the LinkedIn logo are registered trademarks of LinkedIn.",Boostability
"Aaryaman, your application was sent to Rayca Precision","Your application was sent to Rayca Precisionâ€Œ â€Œ â€Œ â€Œ â€Œ â€Œ â€Œ â€Œ â€Œ â€Œ â€Œ â€Œ â€Œ â€Œ â€Œ â€Œ â€Œ â€Œ â€Œ â€Œ â€Œ â€Œ â€Œ â€Œ â€Œ â€Œ â€Œ â€Œ â€Œ â€Œ â€Œ â€Œ â€Œ â€Œ â€Œ â€Œ â€Œ â€Œ â€Œ â€Œ â€Œ â€Œ â€Œ â€Œ â€Œ â€Œ â€Œ â€Œ â€Œ â€Œ â€Œ â€Œ â€Œ â€Œ â€Œ â€Œ â€Œ â€Œ â€Œ â€Œ â€Œ â€Œ â€Œ â€Œ â€Œ â€Œ â€Œ â€Œ â€Œ â€Œ â€Œ â€Œ â€Œ â€Œ â€Œ â€Œ â€Œ â€Œ â€Œ â€Œ â€Œ â€Œ â€Œ â€Œ â€Œ â€Œ â€Œ â€Œ â€Œ â€Œ â€Œ â€Œ â€Œ â€Œ â€Œ â€Œ â€Œ â€Œ â€Œ â€Œ â€Œ â€Œ â€Œ â€Œ â€Œ â€Œ â€Œ â€Œ â€Œ â€Œ â€Œ â€Œ â€Œ â€Œ â€Œ â€Œ â€Œ â€Œ â€Œ â€Œ â€Œ â€Œ â€Œ â€Œ â€Œ â€Œ â€Œ â€Œ â€Œ â€Œ â€Œ â€Œ â€Œ â€Œ â€Œ â€Œ â€Œ â€Œ â€Œ â€Œ â€Œ â€Œ â€Œ â€Œ â€Œ â€Œ â€Œ â€Œ â€Œ â€Œ â€Œ â€Œ â€Œ â€Œ â€Œ â€Œ â€Œ â€Œ â€Œ â€Œ Your application was sent to Rayca Precision Software Engineer - Unpaid Intern Rayca Precision Â· United States Applied: 56 seconds ago View similar jobs you may be interested in Software Engineer - Early Stage Startups Stealth Startup Â· United States Full Stack Developer Intern CoE Mentoring Â· Silver Spring, MD Entry Level Software Engineer (Remote) Engtal Â· United States See more This email was intended for Aaryaman Agarwal (Computer Science Student at Georgia Institute of Technology). Learn why we included this. You are receiving Job Application Confirmation emails. Unsubscribe Â· Help Â© 2024 LinkedIn Corporation, 1â€Œ000 West Maude Avenue, Sunnyvale, CA 94085. LinkedIn and the LinkedIn logo are registered trademarks of LinkedIn.",Rayca Precision
"Aaryaman, your application was sent to Collabera","Your application was sent to Collaberaâ€Œ â€Œ â€Œ â€Œ â€Œ â€Œ â€Œ â€Œ â€Œ â€Œ â€Œ â€Œ â€Œ â€Œ â€Œ â€Œ â€Œ â€Œ â€Œ â€Œ â€Œ â€Œ â€Œ â€Œ â€Œ â€Œ â€Œ â€Œ â€Œ â€Œ â€Œ â€Œ â€Œ â€Œ â€Œ â€Œ â€Œ â€Œ â€Œ â€Œ â€Œ â€Œ â€Œ â€Œ â€Œ â€Œ â€Œ â€Œ â€Œ â€Œ â€Œ â€Œ â€Œ â€Œ â€Œ â€Œ â€Œ â€Œ â€Œ â€Œ â€Œ â€Œ â€Œ â€Œ â€Œ â€Œ â€Œ â€Œ â€Œ â€Œ â€Œ â€Œ â€Œ â€Œ â€Œ â€Œ â€Œ â€Œ â€Œ â€Œ â€Œ â€Œ â€Œ â€Œ â€Œ â€Œ â€Œ â€Œ â€Œ â€Œ â€Œ â€Œ â€Œ â€Œ â€Œ â€Œ â€Œ â€Œ â€Œ â€Œ â€Œ â€Œ â€Œ â€Œ â€Œ â€Œ â€Œ â€Œ â€Œ â€Œ â€Œ â€Œ â€Œ â€Œ â€Œ â€Œ â€Œ â€Œ â€Œ â€Œ â€Œ â€Œ â€Œ â€Œ â€Œ â€Œ â€Œ â€Œ â€Œ â€Œ â€Œ â€Œ â€Œ â€Œ â€Œ â€Œ â€Œ â€Œ â€Œ â€Œ â€Œ â€Œ â€Œ â€Œ â€Œ â€Œ â€Œ â€Œ â€Œ â€Œ â€Œ â€Œ â€Œ â€Œ â€Œ â€Œ â€Œ â€Œ â€Œ â€Œ Your application was sent to Collabera Software Developer Collabera Â· United States Applied: 6 seconds ago View similar jobs you may be interested in Software Engineer - Early Stage Startups Stealth Startup Â· United States Software Design Engineer Intern Intel Corporation Â· Arizona, United States Entry Level Software Engineer (Remote) Engtal Â· United States See more This email was intended for Aaryaman Agarwal (Computer Science Student at Georgia Institute of Technology). Learn why we included this. You are receiving Job Application Confirmation emails. Unsubscribe Â· Help Â© 2024 LinkedIn Corporation, 1â€Œ000 West Maude Avenue, Sunnyvale, CA 94085. LinkedIn and the LinkedIn logo are registered trademarks of LinkedIn.",Collabera
"Aaryaman, your application was sent to Boostability","Your application was sent to Boostabilityâ€Œ â€Œ â€Œ â€Œ â€Œ â€Œ â€Œ â€Œ â€Œ â€Œ â€Œ â€Œ â€Œ â€Œ â€Œ â€Œ â€Œ â€Œ â€Œ â€Œ â€Œ â€Œ â€Œ â€Œ â€Œ â€Œ â€Œ â€Œ â€Œ â€Œ â€Œ â€Œ â€Œ â€Œ â€Œ â€Œ â€Œ â€Œ â€Œ â€Œ â€Œ â€Œ â€Œ â€Œ â€Œ â€Œ â€Œ â€Œ â€Œ â€Œ â€Œ â€Œ â€Œ â€Œ â€Œ â€Œ â€Œ â€Œ â€Œ â€Œ â€Œ â€Œ â€Œ â€Œ â€Œ â€Œ â€Œ â€Œ â€Œ â€Œ â€Œ â€Œ â€Œ â€Œ â€Œ â€Œ â€Œ â€Œ â€Œ â€Œ â€Œ â€Œ â€Œ â€Œ â€Œ â€Œ â€Œ â€Œ â€Œ â€Œ â€Œ â€Œ â€Œ â€Œ â€Œ â€Œ â€Œ â€Œ â€Œ â€Œ â€Œ â€Œ â€Œ â€Œ â€Œ â€Œ â€Œ â€Œ â€Œ â€Œ â€Œ â€Œ â€Œ â€Œ â€Œ â€Œ â€Œ â€Œ â€Œ â€Œ â€Œ â€Œ â€Œ â€Œ â€Œ â€Œ â€Œ â€Œ â€Œ â€Œ â€Œ â€Œ â€Œ â€Œ â€Œ â€Œ â€Œ â€Œ â€Œ â€Œ â€Œ â€Œ â€Œ â€Œ â€Œ â€Œ â€Œ â€Œ â€Œ â€Œ â€Œ â€Œ â€Œ â€Œ â€Œ â€Œ â€Œ â€Œ â€Œ â€Œ Your application was sent to Boostability Software Engineer Intern Boostability Â· United States Applied: 30 seconds ago View similar jobs you may be interested in Software Design Engineer Intern Intel Corporation Â· Arizona, United States Software Engineer- Intern (IBM i) Help/Systems Â· United States Software Engineer - Early Stage Startups Stealth Startup Â· United States See more This email was intended for Aaryaman Agarwal (Computer Science Student at Georgia Institute of Technology). Learn why we included this. You are receiving Job Application Confirmation emails. Unsubscribe Â· Help Â© 2024 LinkedIn Corporation, 1â€Œ000 West Maude Avenue, Sunnyvale, CA 94085. LinkedIn and the LinkedIn logo are registered trademarks of LinkedIn.",Boostability
Your application to Software Engineer Intern at Scoper Inc.,"Your application to Software Engineer Intern at Scoper Inc. Í Í Í Í Í Í Í Í Í Í Í Í Í Í Í Í Í Í Í Í Í Í Í Í Í Í Í Í Í Í Í Í Í Í Í Í Í Í Í Í Í Í Í Í Í Í Í Í Í Í Í Í Í Í Í Í Í Í Í Í Í Í Í Í Í Í Í Í Í Í Í Í Í Í Í Í Í Í Í Í Í Í Í Í Í Í Í Í Í Í Í Í Í Í Í Í Í Í Í Í Í Í Í Í Í Í Í Í Í Í Í Í Í Í Í Í Í Í Í Í Í Í Í Í Í Í Í Í Í Í Í Í Í Í Í Í Í Í Í Í Í Í Í Í Í Í Í Í Í Í Í Í Í Í Í Í Í Í Í Í Your update from Scoper Inc. Software Engineer Intern Scoper Inc. Â· United States Applied on May 17 Thank you for your interest in the Software Engineer Intern position at Scoper in United States. Unfortunately, Scoper did not select your application to move forward in the hiring process. Regards, Scoper Top jobs looking for your skills Software Engineer Intern Sapidly Â· United States Software Engineer Intern Anarchy Labs Â· New York, New York, United States Software Engineering Intern Clean Seal, Inc Â· United States Intern, Software Engineer eMoney Advisor Â· United States Software Engineering Intern Netography Â· Annapolis, Maryland, United States See more jobs Get the new LinkedIn desktop app Also available on mobile This email was intended for Aaryaman Agarwal (Computer Science Student at Georgia Institute of Technology) Learn why we included this. You are receiving LinkedIn notification emails. Unsubscribe Â· Help Â© 2024 LinkedIn Corporation, 1â€Œ000 West Maude Avenue, Sunnyvale, CA 94085. LinkedIn and the LinkedIn logo are registered trademarks of LinkedIn.",Scoper Inc.
Your application to AI/ML Engineer Intern - Fall 2024 at Cranium,"Your application to AI/ML Engineer Intern - Fall 2024 at Cranium Í Í Í Í Í Í Í Í Í Í Í Í Í Í Í Í Í Í Í Í Í Í Í Í Í Í Í Í Í Í Í Í Í Í Í Í Í Í Í Í Í Í Í Í Í Í Í Í Í Í Í Í Í Í Í Í Í Í Í Í Í Í Í Í Í Í Í Í Í Í Í Í Í Í Í Í Í Í Í Í Í Í Í Í Í Í Í Í Í Í Í Í Í Í Í Í Í Í Í Í Í Í Í Í Í Í Í Í Í Í Í Í Í Í Í Í Í Í Í Í Í Í Í Í Í Í Í Í Í Í Í Í Í Í Í Í Í Í Í Í Í Í Í Í Í Í Í Í Í Í Í Í Í Í Í Í Í Í Í Í Your update from Cranium AI/ML Engineer Intern - Fall 2024 Cranium Â· United States Applied on May 16 Thank you for your interest in the AI/ML Engineer Intern - Fall 2024 position at Cranium in United States. Unfortunately, we will not be moving forward with your application, but we appreciate your time and interest in Cranium. Regards, Cranium Top jobs looking for your skills Intern, Software Engineer eMoney Advisor Â· United States Software Engineer Intern Vectara Â· Palo Alto, California, United States Java Developer ( Entry Level ) TEKtalent Inc Â· Massachusetts, United States AI/ML Engineer Intern - Spring 2025 Cranium Â· United States Software Engineering Intern Netography Â· Annapolis, Maryland, United States See more jobs Get the new LinkedIn desktop app Also available on mobile This email was intended for Aaryaman Agarwal (Computer Science Student at Georgia Institute of Technology) Learn why we included this. You are receiving LinkedIn notification emails. Unsubscribe Â· Help Â© 2024 LinkedIn Corporation, 1â€Œ000 West Maude Avenue, Sunnyvale, CA 94085. LinkedIn and the LinkedIn logo are registered trademarks of LinkedIn.",Cranium
"Aaryaman, your application was sent to Scoper","Your application was sent to Scoperâ€Œ â€Œ â€Œ â€Œ â€Œ â€Œ â€Œ â€Œ â€Œ â€Œ â€Œ â€Œ â€Œ â€Œ â€Œ â€Œ â€Œ â€Œ â€Œ â€Œ â€Œ â€Œ â€Œ â€Œ â€Œ â€Œ â€Œ â€Œ â€Œ â€Œ â€Œ â€Œ â€Œ â€Œ â€Œ â€Œ â€Œ â€Œ â€Œ â€Œ â€Œ â€Œ â€Œ â€Œ â€Œ â€Œ â€Œ â€Œ â€Œ â€Œ â€Œ â€Œ â€Œ â€Œ â€Œ â€Œ â€Œ â€Œ â€Œ â€Œ â€Œ â€Œ â€Œ â€Œ â€Œ â€Œ â€Œ â€Œ â€Œ â€Œ â€Œ â€Œ â€Œ â€Œ â€Œ â€Œ â€Œ â€Œ â€Œ â€Œ â€Œ â€Œ â€Œ â€Œ â€Œ â€Œ â€Œ â€Œ â€Œ â€Œ â€Œ â€Œ â€Œ â€Œ â€Œ â€Œ â€Œ â€Œ â€Œ â€Œ â€Œ â€Œ â€Œ â€Œ â€Œ â€Œ â€Œ â€Œ â€Œ â€Œ â€Œ â€Œ â€Œ â€Œ â€Œ â€Œ â€Œ â€Œ â€Œ â€Œ â€Œ â€Œ â€Œ â€Œ â€Œ â€Œ â€Œ â€Œ â€Œ â€Œ â€Œ â€Œ â€Œ â€Œ â€Œ â€Œ â€Œ â€Œ â€Œ â€Œ â€Œ â€Œ â€Œ â€Œ â€Œ â€Œ â€Œ â€Œ â€Œ â€Œ â€Œ â€Œ â€Œ â€Œ â€Œ â€Œ â€Œ â€Œ â€Œ â€Œ Your application was sent to Scoper Software Engineer Intern Scoper Â· United States Applied: 4 seconds ago View similar jobs you may be interested in 2024 Summer Intern: Back End Developer IBM Â· San Jose, CA Intern, Software Engineer eMoney Advisor Â· United States Java Developer ( Entry Level ) TEKtalent Inc Â· Massachusetts, United States See more This email was intended for Aaryaman Agarwal (Computer Science Student at Georgia Institute of Technology). Learn why we included this. You are receiving Job Application Confirmation emails. Unsubscribe Â· Help Â© 2024 LinkedIn Corporation, 1â€Œ000 West Maude Avenue, Sunnyvale, CA 94085. LinkedIn and the LinkedIn logo are registered trademarks of LinkedIn.",Scoper Inc.
"Aaryaman, your application was sent to Momentus Technologies","Your application was sent to Momentus Technologiesâ€Œ â€Œ â€Œ â€Œ â€Œ â€Œ â€Œ â€Œ â€Œ â€Œ â€Œ â€Œ â€Œ â€Œ â€Œ â€Œ â€Œ â€Œ â€Œ â€Œ â€Œ â€Œ â€Œ â€Œ â€Œ â€Œ â€Œ â€Œ â€Œ â€Œ â€Œ â€Œ â€Œ â€Œ â€Œ â€Œ â€Œ â€Œ â€Œ â€Œ â€Œ â€Œ â€Œ â€Œ â€Œ â€Œ â€Œ â€Œ â€Œ â€Œ â€Œ â€Œ â€Œ â€Œ â€Œ â€Œ â€Œ â€Œ â€Œ â€Œ â€Œ â€Œ â€Œ â€Œ â€Œ â€Œ â€Œ â€Œ â€Œ â€Œ â€Œ â€Œ â€Œ â€Œ â€Œ â€Œ â€Œ â€Œ â€Œ â€Œ â€Œ â€Œ â€Œ â€Œ â€Œ â€Œ â€Œ â€Œ â€Œ â€Œ â€Œ â€Œ â€Œ â€Œ â€Œ â€Œ â€Œ â€Œ â€Œ â€Œ â€Œ â€Œ â€Œ â€Œ â€Œ â€Œ â€Œ â€Œ â€Œ â€Œ â€Œ â€Œ â€Œ â€Œ â€Œ â€Œ â€Œ â€Œ â€Œ â€Œ â€Œ â€Œ â€Œ â€Œ â€Œ â€Œ â€Œ â€Œ â€Œ â€Œ â€Œ â€Œ â€Œ â€Œ â€Œ â€Œ â€Œ â€Œ â€Œ â€Œ â€Œ â€Œ â€Œ â€Œ â€Œ â€Œ â€Œ â€Œ â€Œ â€Œ â€Œ â€Œ â€Œ â€Œ â€Œ â€Œ â€Œ â€Œ â€Œ â€Œ Your application was sent to Momentus Technologies Software Engineering Intern - Summer 2024 - Remote Momentus Technologies Â· St Louis, MO Applied: 1 minute ago View similar jobs you may be interested in 2024 Summer Intern: Back End Developer IBM Â· San Jose, CA Software Engineer Intern Scoper Â· United States Java Developer ( Entry Level ) TEKtalent Inc Â· Massachusetts, United States See more This email was intended for Aaryaman Agarwal (Computer Science Student at Georgia Institute of Technology). Learn why we included this. You are receiving Job Application Confirmation emails. Unsubscribe Â· Help Â© 2024 LinkedIn Corporation, 1â€Œ000 West Maude Avenue, Sunnyvale, CA 94085. LinkedIn and the LinkedIn logo are registered trademarks of LinkedIn.",Momentus Technologies
"Aaryaman, your application was sent to Blooket","Your application was sent to Blooketâ€Œ â€Œ â€Œ â€Œ â€Œ â€Œ â€Œ â€Œ â€Œ â€Œ â€Œ â€Œ â€Œ â€Œ â€Œ â€Œ â€Œ â€Œ â€Œ â€Œ â€Œ â€Œ â€Œ â€Œ â€Œ â€Œ â€Œ â€Œ â€Œ â€Œ â€Œ â€Œ â€Œ â€Œ â€Œ â€Œ â€Œ â€Œ â€Œ â€Œ â€Œ â€Œ â€Œ â€Œ â€Œ â€Œ â€Œ â€Œ â€Œ â€Œ â€Œ â€Œ â€Œ â€Œ â€Œ â€Œ â€Œ â€Œ â€Œ â€Œ â€Œ â€Œ â€Œ â€Œ â€Œ â€Œ â€Œ â€Œ â€Œ â€Œ â€Œ â€Œ â€Œ â€Œ â€Œ â€Œ â€Œ â€Œ â€Œ â€Œ â€Œ â€Œ â€Œ â€Œ â€Œ â€Œ â€Œ â€Œ â€Œ â€Œ â€Œ â€Œ â€Œ â€Œ â€Œ â€Œ â€Œ â€Œ â€Œ â€Œ â€Œ â€Œ â€Œ â€Œ â€Œ â€Œ â€Œ â€Œ â€Œ â€Œ â€Œ â€Œ â€Œ â€Œ â€Œ â€Œ â€Œ â€Œ â€Œ â€Œ â€Œ â€Œ â€Œ â€Œ â€Œ â€Œ â€Œ â€Œ â€Œ â€Œ â€Œ â€Œ â€Œ â€Œ â€Œ â€Œ â€Œ â€Œ â€Œ â€Œ â€Œ â€Œ â€Œ â€Œ â€Œ â€Œ â€Œ â€Œ â€Œ â€Œ â€Œ â€Œ â€Œ â€Œ â€Œ â€Œ â€Œ â€Œ â€Œ â€Œ Your application was sent to Blooket Phaser Game Developer Blooket Â· United States Applied: 4 seconds ago View similar jobs you may be interested in Software Engineer Intern Scoper Â· United States Software Engineer Intern Trofi Â· United States Software Engineer Intern Anarchy Labs Â· New York, NY See more This email was intended for Aaryaman Agarwal (Computer Science Student at Georgia Institute of Technology). Learn why we included this. You are receiving Job Application Confirmation emails. Unsubscribe Â· Help Â© 2024 LinkedIn Corporation, 1â€Œ000 West Maude Avenue, Sunnyvale, CA 94085. LinkedIn and the LinkedIn logo are registered trademarks of LinkedIn.",Blooket
"Aaryaman, your application was sent to Cranium","Your application was sent to Craniumâ€Œ â€Œ â€Œ â€Œ â€Œ â€Œ â€Œ â€Œ â€Œ â€Œ â€Œ â€Œ â€Œ â€Œ â€Œ â€Œ â€Œ â€Œ â€Œ â€Œ â€Œ â€Œ â€Œ â€Œ â€Œ â€Œ â€Œ â€Œ â€Œ â€Œ â€Œ â€Œ â€Œ â€Œ â€Œ â€Œ â€Œ â€Œ â€Œ â€Œ â€Œ â€Œ â€Œ â€Œ â€Œ â€Œ â€Œ â€Œ â€Œ â€Œ â€Œ â€Œ â€Œ â€Œ â€Œ â€Œ â€Œ â€Œ â€Œ â€Œ â€Œ â€Œ â€Œ â€Œ â€Œ â€Œ â€Œ â€Œ â€Œ â€Œ â€Œ â€Œ â€Œ â€Œ â€Œ â€Œ â€Œ â€Œ â€Œ â€Œ â€Œ â€Œ â€Œ â€Œ â€Œ â€Œ â€Œ â€Œ â€Œ â€Œ â€Œ â€Œ â€Œ â€Œ â€Œ â€Œ â€Œ â€Œ â€Œ â€Œ â€Œ â€Œ â€Œ â€Œ â€Œ â€Œ â€Œ â€Œ â€Œ â€Œ â€Œ â€Œ â€Œ â€Œ â€Œ â€Œ â€Œ â€Œ â€Œ â€Œ â€Œ â€Œ â€Œ â€Œ â€Œ â€Œ â€Œ â€Œ â€Œ â€Œ â€Œ â€Œ â€Œ â€Œ â€Œ â€Œ â€Œ â€Œ â€Œ â€Œ â€Œ â€Œ â€Œ â€Œ â€Œ â€Œ â€Œ â€Œ â€Œ â€Œ â€Œ â€Œ â€Œ â€Œ â€Œ â€Œ â€Œ â€Œ â€Œ â€Œ Your application was sent to Cranium AI/ML Engineer Intern - Fall 2024 Cranium Â· United States Applied: 1 minute ago View similar jobs you may be interested in AI/ML Engineer Intern - Spring 2025 Cranium Â· United States Software Engineer Intern Go Links Â· United States Software Engineer Intern Scoper Â· United States See more This email was intended for Aaryaman Agarwal (Computer Science Student at Georgia Institute of Technology). Learn why we included this. You are receiving Job Application Confirmation emails. Unsubscribe Â· Help Â© 2024 LinkedIn Corporation, 1â€Œ000 West Maude Avenue, Sunnyvale, CA 94085. LinkedIn and the LinkedIn logo are registered trademarks of LinkedIn.",Cranium
"Aaryaman, your application was sent to INDI Staffing Services","Your application was sent to INDI Staffing Servicesâ€Œ â€Œ â€Œ â€Œ â€Œ â€Œ â€Œ â€Œ â€Œ â€Œ â€Œ â€Œ â€Œ â€Œ â€Œ â€Œ â€Œ â€Œ â€Œ â€Œ â€Œ â€Œ â€Œ â€Œ â€Œ â€Œ â€Œ â€Œ â€Œ â€Œ â€Œ â€Œ â€Œ â€Œ â€Œ â€Œ â€Œ â€Œ â€Œ â€Œ â€Œ â€Œ â€Œ â€Œ â€Œ â€Œ â€Œ â€Œ â€Œ â€Œ â€Œ â€Œ â€Œ â€Œ â€Œ â€Œ â€Œ â€Œ â€Œ â€Œ â€Œ â€Œ â€Œ â€Œ â€Œ â€Œ â€Œ â€Œ â€Œ â€Œ â€Œ â€Œ â€Œ â€Œ â€Œ â€Œ â€Œ â€Œ â€Œ â€Œ â€Œ â€Œ â€Œ â€Œ â€Œ â€Œ â€Œ â€Œ â€Œ â€Œ â€Œ â€Œ â€Œ â€Œ â€Œ â€Œ â€Œ â€Œ â€Œ â€Œ â€Œ â€Œ â€Œ â€Œ â€Œ â€Œ â€Œ â€Œ â€Œ â€Œ â€Œ â€Œ â€Œ â€Œ â€Œ â€Œ â€Œ â€Œ â€Œ â€Œ â€Œ â€Œ â€Œ â€Œ â€Œ â€Œ â€Œ â€Œ â€Œ â€Œ â€Œ â€Œ â€Œ â€Œ â€Œ â€Œ â€Œ â€Œ â€Œ â€Œ â€Œ â€Œ â€Œ â€Œ â€Œ â€Œ â€Œ â€Œ â€Œ â€Œ â€Œ â€Œ â€Œ â€Œ â€Œ â€Œ â€Œ â€Œ â€Œ â€Œ Your application was sent to INDI Staffing Services Work From Home Junior Java Developer INDI Staffing Services Â· BogotÃ¡ Applied: 2 minutes ago View similar jobs you may be interested in Software Engineer Microsoft Â· New York, United States Software Engineer Microsoft Â· United States Software Engineer Microsoft Â· California, United States See more This email was intended for Aaryaman Agarwal (Computer Science Student at Georgia Institute of Technology). Learn why we included this. You are receiving Job Application Confirmation emails. Unsubscribe Â· Help Â© 2024 LinkedIn Corporation, 1â€Œ000 West Maude Avenue, Sunnyvale, CA 94085. LinkedIn and the LinkedIn logo are registered trademarks of LinkedIn.",INDI Staffing Services
Thank you for your application,"Hi Aaryaman, Thank you for applying for the position of Software Support Intern, Digital Services Center. While you have an impressive background, we have decided to move forward with other candidates who more closely fit our current business needs at this time. We wish you success in your future career endeavors and encourage you to visit our CareerSite and Talent Community for other opportunities that may be of interest to you. https://careers.ricoh-usa.com/ Again, thank you for your interest in this position and in Ricoh. Sincerely, Ricoh Talent Acquisition",Ricoh
Thank you for your application,"Hi Aaryaman, Thank you for applying for the position of AI Systems Intern, Digital Services Center. While you have an impressive background, we have decided to move forward with other candidates who more closely fit our current business needs at this time. We wish you success in your future career endeavors and encourage you to visit our CareerSite and Talent Community for other opportunities that may be of interest to you. https://careers.ricoh-usa.com/ Again, thank you for your interest in this position and in Ricoh. Sincerely, Ricoh Talent Acquisition",Ricoh
Thank you for your application to HHAeXchange!,"Hi Aaryaman, Thank you for your interest in HHAeXchange! We have received your application for the Software Engineer Intern position and are delighted that you would like to learn more about this opportunity. Our hiring team is currently reviewing applications and if your qualifications match the needs of this role, you will receive an email from one of our recruiters to schedule a phone interview. Thank you again for taking the time to apply to this role at HHAeXchange. Best Regards, The Talent Acquisition Team",HHAeXchange!
Update on your application,"Mission Bit has not viewed your application for Summer 2024 TA - Intro to Python (remote) yet. I pulled some similar jobs together for you to consider: Remote AI Writing Evaluator (Tier 2) Outlier AI San Francisco, CA â€¢ Remote $15 - $25 / hr AI Writing Evaluator (Remote) Outlier San Francisco, CA â€¢ Remote $15 - $18 / hr Remote School Speech-Language Pathologist Opportunity - California School Di... Sunbelt Staffing San Pablo, CA â€¢ Remote 1-Click Apply Schools - Speech Language Pathologist ProCare Therapy San Rafael, CA â€¢ Remote 1-Click Apply Phil Your Career Advisor ZipRecruiter, Inc. 604 Arizona Ave., Santa Monica, CA 90401, USA Privacy Policy | Unsubscribe ZipRecruiter provides pay estimates when companies do not include pay in the job post. ZipRecruiter estimates are based on pay from similar jobs (in similar areas), may change over time, and may not be indicative of pay for the position. ZipRecruiter provides estimates for convenience only, and makes no guarantees or promises regarding any expected or actual job payment.",Mission Bit
"Aaryaman, your application was sent to American Institute of Insurance Research","Your application was sent to American Institute of Insurance Research Í Í Í Í Í Í Í Í Í Í Í Í Í Í Í Í Í Í Í Í Í Í Í Í Í Í Í Í Í Í Í Í Í Í Í Í Í Í Í Í Í Í Í Í Í Í Í Í Í Í Í Í Í Í Í Í Í Í Í Í Í Í Í Í Í Í Í Í Í Í Í Í Í Í Í Í Í Í Í Í Í Í Í Í Í Í Í Í Í Í Í Í Í Í Í Í Í Í Í Í Í Í Í Í Í Í Í Í Í Í Í Í Í Í Í Í Í Í Í Í Í Í Í Í Í Í Í Í Í Í Í Í Í Í Í Í Í Í Í Í Í Í Í Í Í Í Í Í Í Í Í Í Í Í Í Í Í Í Í Í Your application was sent to American Institute of Insurance Research Software Engineer Intern American Institute of Insurance Research Â· Atlanta Metropolitan Area (Hybrid) Applied on December 26, 2024 Now, take these next steps for more success View similar jobs you may be interested in Software Engineering Intern Airbnb Â· United States (Remote) 24 company alumni 92 school alumni Software Engineering Intern Teradata Â· California, United States (Remote) 3 company alumni 24 school alumni Software Engineering Intern Ontra Â· United States (Remote) 2 company alumni 1 school alum This email was intended for Aaryaman Agarwal (Computer Science Student at Georgia Institute of Technology) Learn why we included this. You are receiving LinkedIn notification emails. Unsubscribe Â· Help Â© 2024 LinkedIn Corporation, 1â€Œ000 West Maude Avenue, Sunnyvale, CA 94085. LinkedIn and the LinkedIn logo are registered trademarks of LinkedIn.",American Institute of Insurance Research
Your application was viewed by [P1] Games,"Your application was viewed by [P1] Games Í Í Í Í Í Í Í Í Í Í Í Í Í Í Í Í Í Í Í Í Í Í Í Í Í Í Í Í Í Í Í Í Í Í Í Í Í Í Í Í Í Í Í Í Í Í Í Í Í Í Í Í Í Í Í Í Í Í Í Í Í Í Í Í Í Í Í Í Í Í Í Í Í Í Í Í Í Í Í Í Í Í Í Í Í Í Í Í Í Í Í Í Í Í Í Í Í Í Í Í Í Í Í Í Í Í Í Í Í Í Í Í Í Í Í Í Í Í Í Í Í Í Í Í Í Í Í Í Í Í Í Í Í Í Í Í Í Í Í Í Í Í Í Í Í Í Í Í Í Í Í Í Í Í Í Í Í Í Í Í Your application was viewed Great job getting noticed by the hiring team at [P1] Games Volunteer Game Developer [P1] Games Â· United States Applied on Dec 22 Explore similar jobs recommended for you Summer 2025 Software Engineer Intern - US & Canada Whatnot Â· United States Game Developer Microsoft Â· United States Volunteer Game Programmer [P1] Games Â· United States Show all similar jobs Next, strengthen your profile The hiring team may want to learn more about you. Your experiences, skills and summary are what recruiters look for most. Update your profile Connect with people you know who work at [P1] Games Reach out for valuable insight into company culture, team dynamics, and the hiring process. Kai Mitchell Marketing Manager View profile View profile Show more Get the new LinkedIn desktop app Also available on mobile This email was intended for Aaryaman Agarwal (Computer Science Student at Georgia Institute of Technology) Learn why we included this. You are receiving LinkedIn notification emails. Unsubscribe Â· Help Â© 2024 LinkedIn Corporation, 1â€Œ000 West Maude Avenue, Sunnyvale, CA 94085. LinkedIn and the LinkedIn logo are registered trademarks of LinkedIn.",[P1] Games
"Aaryaman, your application was sent to [P1] Games","Your application was sent to [P1] Games Í Í Í Í Í Í Í Í Í Í Í Í Í Í Í Í Í Í Í Í Í Í Í Í Í Í Í Í Í Í Í Í Í Í Í Í Í Í Í Í Í Í Í Í Í Í Í Í Í Í Í Í Í Í Í Í Í Í Í Í Í Í Í Í Í Í Í Í Í Í Í Í Í Í Í Í Í Í Í Í Í Í Í Í Í Í Í Í Í Í Í Í Í Í Í Í Í Í Í Í Í Í Í Í Í Í Í Í Í Í Í Í Í Í Í Í Í Í Í Í Í Í Í Í Í Í Í Í Í Í Í Í Í Í Í Í Í Í Í Í Í Í Í Í Í Í Í Í Í Í Í Í Í Í Í Í Í Í Í Í Your application was sent to [P1] Games Volunteer Game Developer [P1] Games Â· United States (Remote) Applied on December 22, 2024 Now, take these next steps for more success View similar jobs you may be interested in Software Engineering Intern Airbnb Â· United States (Remote) 24 company alumni 91 school alumni Software Engineer Intern - Summer 2025 (Remote) CrowdStrike Â· Sunnyvale, CA (Remote) 8 company alumni 56 school alumni Intern - Back End Software Developer Hagerty Consulting Â· United States (Remote) 1 school alum This email was intended for Aaryaman Agarwal (Computer Science Student at Georgia Institute of Technology) Learn why we included this. You are receiving LinkedIn notification emails. Unsubscribe Â· Help Â© 2024 LinkedIn Corporation, 1â€Œ000 West Maude Avenue, Sunnyvale, CA 94085. LinkedIn and the LinkedIn logo are registered trademarks of LinkedIn.",[P1] Games
Amazon application: Status update,"Amazon application: Status update Hi Aaryaman, Thanks for applying for the position of Software Development Engineer Intern, Prime Air, Prime Air (AMOS) (ID: 2602881). Unfortunately, this position is no longer available. Please note this status update is not in reference to other positions you may have applied to at Amazon. We encourage you to visit our career page Amazon.jobs for opportunities that may be a match for you. Best regards, Amazon Recruiting Team Amazon is an equal opportunity employer. Protecting your privacy and the security of your data are longstanding top priorities for Amazon. If you are an external candidate, please consult our Privacy Notice to know more about how we collect, use, and transfer the personal data of our candidates. You can let us know if you do not want to be contacted for recruitment purposes. Please refer to the ""What are my rights under applicable data protection laws?"" section of the Notice for more information. If you are an internal candidate, please consult the Employee Privacy Notice . Please don't reply to this email, as we can't review or respond to messages at this address.",Amazon
"Your application for our Software Engineer, Intern (Summer & Winter) role at Stripe","Hi Aaryaman, Thank you so much for your application and interest in Stripe. We received applications from many qualified candidates and unfortunately are going in a direction that better fits our needs at this time. That said, things are constantly evolving at Stripe, and there could be a fit for you down the road. We encourage you to keep an eye on our jobs page for future opportunities. Thanks again and we wish you the best in your search! Kindly, Stripe Recruiting",Stripe
Update on your TikTok application,"Hi Aaryaman Agarwal, â€‹ Thank you for your application. We appreciate your time and interest in TikTok. â€‹ After careful consideration, we regret to tell you that we will not be moving forward with your application for the role (General Hire) Software Engineer Intern (Monetization Tech) - 2025 Summer (BS/MS). â€‹ If you're in the process of other applications at TikTok, stay tuned for updates from your recruiter. We'd recommend checking your inbox (including your spam folder) to follow up or using our application page on our careers site to check your application status. â€‹ We hope your enthusiasm for joining TikTok will continue. In the future, we may have opportunities more suited to your skill set and experience as we continue to grow. â€‹ Good luck with your job search and keep making your inspiration infinite! ğŸ–¤ â€‹ â€‹ Best regards, â€‹ TikTok Early Careers Team â€‹ Follow us on TikTok Careers | Linkedin â€‹ We value your privacy. Please consult our Applicant Privacy policy here about how we collect, use and transfer your sensitive data. â€‹",Tiktok
Roadz has received your application,"Hi Aaryaman, Thanks for applying to our Software Engineering Intern role! We received your application and will be in touch about next steps. Thanks The team at Roadz",Roadz
Jane Street Application Received,"Hello, Thank you for applying for a position at Jane Street. This email is to confirm that we received your resume and will be in touch shortly regarding your status. Thank you for your interest in Jane Street.",Jane Street
Important information about your application to Fortra- Intern IBM i,"Dear Aaryaman, Thank you for your interest in joining Fortra. We recognize that there are many employers for you to choose from, and we sincerely appreciate your time and interest in our company. Our team has carefully reviewed your background and qualifications, and we will be moving forward with other candidates at this time for this position. However, we encourage you to apply for other openings at the company in the future. Sincerely, Fortra Global Talent Acquisition Team",Fortra
"Aaryaman, your application was sent to Vantiva","Your application was sent to Vantivaâ€Œ â€Œ â€Œ â€Œ â€Œ â€Œ â€Œ â€Œ â€Œ â€Œ â€Œ â€Œ â€Œ â€Œ â€Œ â€Œ â€Œ â€Œ â€Œ â€Œ â€Œ â€Œ â€Œ â€Œ â€Œ â€Œ â€Œ â€Œ â€Œ â€Œ â€Œ â€Œ â€Œ â€Œ â€Œ â€Œ â€Œ â€Œ â€Œ â€Œ â€Œ â€Œ â€Œ â€Œ â€Œ â€Œ â€Œ â€Œ â€Œ â€Œ â€Œ â€Œ â€Œ â€Œ â€Œ â€Œ â€Œ â€Œ â€Œ â€Œ â€Œ â€Œ â€Œ â€Œ â€Œ â€Œ â€Œ â€Œ â€Œ â€Œ â€Œ â€Œ â€Œ â€Œ â€Œ â€Œ â€Œ â€Œ â€Œ â€Œ â€Œ â€Œ â€Œ â€Œ â€Œ â€Œ â€Œ â€Œ â€Œ â€Œ â€Œ â€Œ â€Œ â€Œ â€Œ â€Œ â€Œ â€Œ â€Œ â€Œ â€Œ â€Œ â€Œ â€Œ â€Œ â€Œ â€Œ â€Œ â€Œ â€Œ â€Œ â€Œ â€Œ â€Œ â€Œ â€Œ â€Œ â€Œ â€Œ â€Œ â€Œ â€Œ â€Œ â€Œ â€Œ â€Œ â€Œ â€Œ â€Œ â€Œ â€Œ â€Œ â€Œ â€Œ â€Œ â€Œ â€Œ â€Œ â€Œ â€Œ â€Œ â€Œ â€Œ â€Œ â€Œ â€Œ â€Œ â€Œ â€Œ â€Œ â€Œ â€Œ â€Œ â€Œ â€Œ â€Œ â€Œ â€Œ â€Œ â€Œ Your application was sent to Vantiva Software Engineer Intern - IoT Division Vantiva Â· Norcross, GA Applied: 20 seconds ago View similar jobs you may be interested in Software Engineer Intern - Summer 2024 Youth Civic Hub Â· New York, NY Software Engineering Internship - Summer 2024 Tech For Good Inc Â· Boston, MA Software Engineering Intern ManTech Â· United States See more This email was intended for Aaryaman Agarwal (Computer Science Student at Georgia Institute of Technology). Learn why we included this. You are receiving Job Application Confirmation emails. Unsubscribe Â· Help Â© 2024 LinkedIn Corporation, 1â€Œ000 West Maude Avenue, Sunnyvale, CA 94085. LinkedIn and the LinkedIn logo are registered trademarks of LinkedIn.",Vantiva
Your Application Status with HHAeXchange,"Dear Aaryaman, Thank you for your interest in our Software Engineer Intern position. We have had a chance to review your resume and compare it against others who have expressed interest in this position. We regret to inform you that we have decided to select a different candidate whose qualifications more closely match the requirements of the job. We appreciate you taking the time to apply for the position with us. We strongly encourage you to monitor our careers page and apply for future opportunities. Thank you again for your interest in an employment opportunity with HHAeXchange and we wish you the best in your current job search. Regards, Talent Acquisition",HHAeXchange!
"Aaryaman, your application was sent to Hangtight","Your application was sent to Hangtightâ€Œ â€Œ â€Œ â€Œ â€Œ â€Œ â€Œ â€Œ â€Œ â€Œ â€Œ â€Œ â€Œ â€Œ â€Œ â€Œ â€Œ â€Œ â€Œ â€Œ â€Œ â€Œ â€Œ â€Œ â€Œ â€Œ â€Œ â€Œ â€Œ â€Œ â€Œ â€Œ â€Œ â€Œ â€Œ â€Œ â€Œ â€Œ â€Œ â€Œ â€Œ â€Œ â€Œ â€Œ â€Œ â€Œ â€Œ â€Œ â€Œ â€Œ â€Œ â€Œ â€Œ â€Œ â€Œ â€Œ â€Œ â€Œ â€Œ â€Œ â€Œ â€Œ â€Œ â€Œ â€Œ â€Œ â€Œ â€Œ â€Œ â€Œ â€Œ â€Œ â€Œ â€Œ â€Œ â€Œ â€Œ â€Œ â€Œ â€Œ â€Œ â€Œ â€Œ â€Œ â€Œ â€Œ â€Œ â€Œ â€Œ â€Œ â€Œ â€Œ â€Œ â€Œ â€Œ â€Œ â€Œ â€Œ â€Œ â€Œ â€Œ â€Œ â€Œ â€Œ â€Œ â€Œ â€Œ â€Œ â€Œ â€Œ â€Œ â€Œ â€Œ â€Œ â€Œ â€Œ â€Œ â€Œ â€Œ â€Œ â€Œ â€Œ â€Œ â€Œ â€Œ â€Œ â€Œ â€Œ â€Œ â€Œ â€Œ â€Œ â€Œ â€Œ â€Œ â€Œ â€Œ â€Œ â€Œ â€Œ â€Œ â€Œ â€Œ â€Œ â€Œ â€Œ â€Œ â€Œ â€Œ â€Œ â€Œ â€Œ â€Œ â€Œ â€Œ â€Œ â€Œ â€Œ â€Œ â€Œ Your application was sent to Hangtight Software Engineer Intern Hangtight Â· United States Applied: 36 seconds ago View similar jobs you may be interested in Software Engineer Intern HHAeXchange Â· United States Software Engineering Intern LinkSquares Â· United States Web Development Intern NextGen Federal Systems Â· Morgantown, WV See more This email was intended for Aaryaman Agarwal (Computer Science Student at Georgia Institute of Technology). Learn why we included this. You are receiving Job Application Confirmation emails. Unsubscribe Â· Help Â© 2024 LinkedIn Corporation, 1â€Œ000 West Maude Avenue, Sunnyvale, CA 94085. LinkedIn and the LinkedIn logo are registered trademarks of LinkedIn.",Hangtight
Thank you for your application to HHAeXchange!,"Hi Aaryaman, Thank you for your interest in HHAeXchange! We have received your application for the Software Engineer Intern position and are delighted that you would like to learn more about this opportunity. Our hiring team is currently reviewing applications and if your qualifications match the needs of this role, you will receive an email from one of our recruiters to schedule a phone interview. Thank you again for taking the time to apply to this role at HHAeXchange. Best Regards, The Talent Acquisition Team",HHAeXchange!
Your application was viewed by TuneTunnel,"Your application was viewed by TuneTunnel Í Í Í Í Í Í Í Í Í Í Í Í Í Í Í Í Í Í Í Í Í Í Í Í Í Í Í Í Í Í Í Í Í Í Í Í Í Í Í Í Í Í Í Í Í Í Í Í Í Í Í Í Í Í Í Í Í Í Í Í Í Í Í Í Í Í Í Í Í Í Í Í Í Í Í Í Í Í Í Í Í Í Í Í Í Í Í Í Í Í Í Í Í Í Í Í Í Í Í Í Í Í Í Í Í Í Í Í Í Í Í Í Í Í Í Í Í Í Í Í Í Í Í Í Í Í Í Í Í Í Í Í Í Í Í Í Í Í Í Í Í Í Í Í Í Í Í Í Í Í Í Í Í Í Í Í Í Í Í Í Your application was viewed Great job getting noticed by the hiring team at TuneTunnel Software Engineer Intern TuneTunnel Â· Atlanta, Georgia, United States Applied on May 29 Explore similar jobs recommended for you Software Engineer Intern Boostability Â· United States Full Stack Developer Intern CoE Mentoring Â· Silver Spring, Maryland, United States Remote Software Engineer Intern Paprika Â· San Francisco, California, United States Show all similar jobs Next, strengthen your profile The hiring team may want to learn more about you. Your experiences, skills and summary are what recruiters look for most. Update your profile Get the new LinkedIn desktop app Also available on mobile This email was intended for Aaryaman Agarwal (Computer Science Student at Georgia Institute of Technology) Learn why we included this. You are receiving LinkedIn notification emails. Unsubscribe Â· Help Â© 2024 LinkedIn Corporation, 1â€Œ000 West Maude Avenue, Sunnyvale, CA 94085. LinkedIn and the LinkedIn logo are registered trademarks of LinkedIn.",TuneTunnel
"Aaryaman, your application was sent to TuneTunnel","Your application was sent to TuneTunnelâ€Œ â€Œ â€Œ â€Œ â€Œ â€Œ â€Œ â€Œ â€Œ â€Œ â€Œ â€Œ â€Œ â€Œ â€Œ â€Œ â€Œ â€Œ â€Œ â€Œ â€Œ â€Œ â€Œ â€Œ â€Œ â€Œ â€Œ â€Œ â€Œ â€Œ â€Œ â€Œ â€Œ â€Œ â€Œ â€Œ â€Œ â€Œ â€Œ â€Œ â€Œ â€Œ â€Œ â€Œ â€Œ â€Œ â€Œ â€Œ â€Œ â€Œ â€Œ â€Œ â€Œ â€Œ â€Œ â€Œ â€Œ â€Œ â€Œ â€Œ â€Œ â€Œ â€Œ â€Œ â€Œ â€Œ â€Œ â€Œ â€Œ â€Œ â€Œ â€Œ â€Œ â€Œ â€Œ â€Œ â€Œ â€Œ â€Œ â€Œ â€Œ â€Œ â€Œ â€Œ â€Œ â€Œ â€Œ â€Œ â€Œ â€Œ â€Œ â€Œ â€Œ â€Œ â€Œ â€Œ â€Œ â€Œ â€Œ â€Œ â€Œ â€Œ â€Œ â€Œ â€Œ â€Œ â€Œ â€Œ â€Œ â€Œ â€Œ â€Œ â€Œ â€Œ â€Œ â€Œ â€Œ â€Œ â€Œ â€Œ â€Œ â€Œ â€Œ â€Œ â€Œ â€Œ â€Œ â€Œ â€Œ â€Œ â€Œ â€Œ â€Œ â€Œ â€Œ â€Œ â€Œ â€Œ â€Œ â€Œ â€Œ â€Œ â€Œ â€Œ â€Œ â€Œ â€Œ â€Œ â€Œ â€Œ â€Œ â€Œ â€Œ â€Œ â€Œ â€Œ â€Œ â€Œ â€Œ â€Œ Your application was sent to TuneTunnel Software Engineer Intern TuneTunnel Â· Atlanta, GA Applied: 12 minutes ago View similar jobs you may be interested in Full Stack Developer Intern CoE Mentoring Â· Silver Spring, MD Entry Level Software Engineer (Remote) Engtal Â· United States Software Engineer- Intern (IBM i) Help/Systems Â· United States See more This email was intended for Aaryaman Agarwal (Computer Science Student at Georgia Institute of Technology). Learn why we included this. You are receiving Job Application Confirmation emails. Unsubscribe Â· Help Â© 2024 LinkedIn Corporation, 1â€Œ000 West Maude Avenue, Sunnyvale, CA 94085. LinkedIn and the LinkedIn logo are registered trademarks of LinkedIn.",TuneTunnel
Your application was viewed by Rayca Precision,"Your application was viewed by Rayca Precision Í Í Í Í Í Í Í Í Í Í Í Í Í Í Í Í Í Í Í Í Í Í Í Í Í Í Í Í Í Í Í Í Í Í Í Í Í Í Í Í Í Í Í Í Í Í Í Í Í Í Í Í Í Í Í Í Í Í Í Í Í Í Í Í Í Í Í Í Í Í Í Í Í Í Í Í Í Í Í Í Í Í Í Í Í Í Í Í Í Í Í Í Í Í Í Í Í Í Í Í Í Í Í Í Í Í Í Í Í Í Í Í Í Í Í Í Í Í Í Í Í Í Í Í Í Í Í Í Í Í Í Í Í Í Í Í Í Í Í Í Í Í Í Í Í Í Í Í Í Í Í Í Í Í Í Í Í Í Í Í Your application was viewed Great job getting noticed by the hiring team at Rayca Precision Software Engineer - Unpaid Intern Rayca Precision Â· United States Applied on May 27 Explore similar jobs recommended for you Full Stack Developer Intern CoE Mentoring Â· Silver Spring, Maryland, United States Junior Software Engineer BayOne Solutions Â· United States Software Engineer Intern Boostability Â· United States Show all similar jobs Next, strengthen your profile The hiring team may want to learn more about you. Your experiences, skills and summary are what recruiters look for most. Update your profile Get the new LinkedIn desktop app Also available on mobile This email was intended for Aaryaman Agarwal (Computer Science Student at Georgia Institute of Technology) Learn why we included this. You are receiving LinkedIn notification emails. Unsubscribe Â· Help Â© 2024 LinkedIn Corporation, 1â€Œ000 West Maude Avenue, Sunnyvale, CA 94085. LinkedIn and the LinkedIn logo are registered trademarks of LinkedIn.",Rayca Precision
Your application to Software Engineer Intern at Boostability,"Your application to Software Engineer Intern at Boostability Í Í Í Í Í Í Í Í Í Í Í Í Í Í Í Í Í Í Í Í Í Í Í Í Í Í Í Í Í Í Í Í Í Í Í Í Í Í Í Í Í Í Í Í Í Í Í Í Í Í Í Í Í Í Í Í Í Í Í Í Í Í Í Í Í Í Í Í Í Í Í Í Í Í Í Í Í Í Í Í Í Í Í Í Í Í Í Í Í Í Í Í Í Í Í Í Í Í Í Í Í Í Í Í Í Í Í Í Í Í Í Í Í Í Í Í Í Í Í Í Í Í Í Í Í Í Í Í Í Í Í Í Í Í Í Í Í Í Í Í Í Í Í Í Í Í Í Í Í Í Í Í Í Í Í Í Í Í Í Í Your update from Boostability Software Engineer Intern Boostability Â· United States Applied on May 24 Thank you for your interest in the Software Engineer Intern position at Boostability in United States. Unfortunately, we will not be moving forward with your application, but we appreciate your time and interest in Boostability. Regards, Boostability Top jobs looking for your skills Full Stack Developer Intern CoE Mentoring Â· Silver Spring, Maryland, United States Software Engineer - Early Stage Startups Stealth Startup Â· United States Entry Level Software Engineer (Remote) Engtal Â· United States Internship, Software Engineer, AI Inference (Fall 2024) Tesla Â· Palo Alto, California, United States Software Engineering Intern Bio-Rad Laboratories Â· Pleasanton, California, United States See more jobs Get the new LinkedIn desktop app Also available on mobile This email was intended for Aaryaman Agarwal (Computer Science Student at Georgia Institute of Technology) Learn why we included this. You are receiving LinkedIn notification emails. Unsubscribe Â· Help Â© 2024 LinkedIn Corporation, 1â€Œ000 West Maude Avenue, Sunnyvale, CA 94085. LinkedIn and the LinkedIn logo are registered trademarks of LinkedIn.",Boostability
"Aaryaman, your application was sent to Rayca Precision","Your application was sent to Rayca Precisionâ€Œ â€Œ â€Œ â€Œ â€Œ â€Œ â€Œ â€Œ â€Œ â€Œ â€Œ â€Œ â€Œ â€Œ â€Œ â€Œ â€Œ â€Œ â€Œ â€Œ â€Œ â€Œ â€Œ â€Œ â€Œ â€Œ â€Œ â€Œ â€Œ â€Œ â€Œ â€Œ â€Œ â€Œ â€Œ â€Œ â€Œ â€Œ â€Œ â€Œ â€Œ â€Œ â€Œ â€Œ â€Œ â€Œ â€Œ â€Œ â€Œ â€Œ â€Œ â€Œ â€Œ â€Œ â€Œ â€Œ â€Œ â€Œ â€Œ â€Œ â€Œ â€Œ â€Œ â€Œ â€Œ â€Œ â€Œ â€Œ â€Œ â€Œ â€Œ â€Œ â€Œ â€Œ â€Œ â€Œ â€Œ â€Œ â€Œ â€Œ â€Œ â€Œ â€Œ â€Œ â€Œ â€Œ â€Œ â€Œ â€Œ â€Œ â€Œ â€Œ â€Œ â€Œ â€Œ â€Œ â€Œ â€Œ â€Œ â€Œ â€Œ â€Œ â€Œ â€Œ â€Œ â€Œ â€Œ â€Œ â€Œ â€Œ â€Œ â€Œ â€Œ â€Œ â€Œ â€Œ â€Œ â€Œ â€Œ â€Œ â€Œ â€Œ â€Œ â€Œ â€Œ â€Œ â€Œ â€Œ â€Œ â€Œ â€Œ â€Œ â€Œ â€Œ â€Œ â€Œ â€Œ â€Œ â€Œ â€Œ â€Œ â€Œ â€Œ â€Œ â€Œ â€Œ â€Œ â€Œ â€Œ â€Œ â€Œ â€Œ â€Œ â€Œ â€Œ â€Œ â€Œ â€Œ â€Œ â€Œ Your application was sent to Rayca Precision Software Engineer - Unpaid Intern Rayca Precision Â· United States Applied: 56 seconds ago View similar jobs you may be interested in Software Engineer - Early Stage Startups Stealth Startup Â· United States Full Stack Developer Intern CoE Mentoring Â· Silver Spring, MD Entry Level Software Engineer (Remote) Engtal Â· United States See more This email was intended for Aaryaman Agarwal (Computer Science Student at Georgia Institute of Technology). Learn why we included this. You are receiving Job Application Confirmation emails. Unsubscribe Â· Help Â© 2024 LinkedIn Corporation, 1â€Œ000 West Maude Avenue, Sunnyvale, CA 94085. LinkedIn and the LinkedIn logo are registered trademarks of LinkedIn.",Rayca Precision
"Aaryaman, your application was sent to Collabera","Your application was sent to Collaberaâ€Œ â€Œ â€Œ â€Œ â€Œ â€Œ â€Œ â€Œ â€Œ â€Œ â€Œ â€Œ â€Œ â€Œ â€Œ â€Œ â€Œ â€Œ â€Œ â€Œ â€Œ â€Œ â€Œ â€Œ â€Œ â€Œ â€Œ â€Œ â€Œ â€Œ â€Œ â€Œ â€Œ â€Œ â€Œ â€Œ â€Œ â€Œ â€Œ â€Œ â€Œ â€Œ â€Œ â€Œ â€Œ â€Œ â€Œ â€Œ â€Œ â€Œ â€Œ â€Œ â€Œ â€Œ â€Œ â€Œ â€Œ â€Œ â€Œ â€Œ â€Œ â€Œ â€Œ â€Œ â€Œ â€Œ â€Œ â€Œ â€Œ â€Œ â€Œ â€Œ â€Œ â€Œ â€Œ â€Œ â€Œ â€Œ â€Œ â€Œ â€Œ â€Œ â€Œ â€Œ â€Œ â€Œ â€Œ â€Œ â€Œ â€Œ â€Œ â€Œ â€Œ â€Œ â€Œ â€Œ â€Œ â€Œ â€Œ â€Œ â€Œ â€Œ â€Œ â€Œ â€Œ â€Œ â€Œ â€Œ â€Œ â€Œ â€Œ â€Œ â€Œ â€Œ â€Œ â€Œ â€Œ â€Œ â€Œ â€Œ â€Œ â€Œ â€Œ â€Œ â€Œ â€Œ â€Œ â€Œ â€Œ â€Œ â€Œ â€Œ â€Œ â€Œ â€Œ â€Œ â€Œ â€Œ â€Œ â€Œ â€Œ â€Œ â€Œ â€Œ â€Œ â€Œ â€Œ â€Œ â€Œ â€Œ â€Œ â€Œ â€Œ â€Œ â€Œ â€Œ â€Œ â€Œ â€Œ â€Œ Your application was sent to Collabera Software Developer Collabera Â· United States Applied: 6 seconds ago View similar jobs you may be interested in Software Engineer - Early Stage Startups Stealth Startup Â· United States Software Design Engineer Intern Intel Corporation Â· Arizona, United States Entry Level Software Engineer (Remote) Engtal Â· United States See more This email was intended for Aaryaman Agarwal (Computer Science Student at Georgia Institute of Technology). Learn why we included this. You are receiving Job Application Confirmation emails. Unsubscribe Â· Help Â© 2024 LinkedIn Corporation, 1â€Œ000 West Maude Avenue, Sunnyvale, CA 94085. LinkedIn and the LinkedIn logo are registered trademarks of LinkedIn.",Collabera
"Aaryaman, your application was sent to Boostability","Your application was sent to Boostabilityâ€Œ â€Œ â€Œ â€Œ â€Œ â€Œ â€Œ â€Œ â€Œ â€Œ â€Œ â€Œ â€Œ â€Œ â€Œ â€Œ â€Œ â€Œ â€Œ â€Œ â€Œ â€Œ â€Œ â€Œ â€Œ â€Œ â€Œ â€Œ â€Œ â€Œ â€Œ â€Œ â€Œ â€Œ â€Œ â€Œ â€Œ â€Œ â€Œ â€Œ â€Œ â€Œ â€Œ â€Œ â€Œ â€Œ â€Œ â€Œ â€Œ â€Œ â€Œ â€Œ â€Œ â€Œ â€Œ â€Œ â€Œ â€Œ â€Œ â€Œ â€Œ â€Œ â€Œ â€Œ â€Œ â€Œ â€Œ â€Œ â€Œ â€Œ â€Œ â€Œ â€Œ â€Œ â€Œ â€Œ â€Œ â€Œ â€Œ â€Œ â€Œ â€Œ â€Œ â€Œ â€Œ â€Œ â€Œ â€Œ â€Œ â€Œ â€Œ â€Œ â€Œ â€Œ â€Œ â€Œ â€Œ â€Œ â€Œ â€Œ â€Œ â€Œ â€Œ â€Œ â€Œ â€Œ â€Œ â€Œ â€Œ â€Œ â€Œ â€Œ â€Œ â€Œ â€Œ â€Œ â€Œ â€Œ â€Œ â€Œ â€Œ â€Œ â€Œ â€Œ â€Œ â€Œ â€Œ â€Œ â€Œ â€Œ â€Œ â€Œ â€Œ â€Œ â€Œ â€Œ â€Œ â€Œ â€Œ â€Œ â€Œ â€Œ â€Œ â€Œ â€Œ â€Œ â€Œ â€Œ â€Œ â€Œ â€Œ â€Œ â€Œ â€Œ â€Œ â€Œ â€Œ â€Œ â€Œ â€Œ Your application was sent to Boostability Software Engineer Intern Boostability Â· United States Applied: 30 seconds ago View similar jobs you may be interested in Software Design Engineer Intern Intel Corporation Â· Arizona, United States Software Engineer- Intern (IBM i) Help/Systems Â· United States Software Engineer - Early Stage Startups Stealth Startup Â· United States See more This email was intended for Aaryaman Agarwal (Computer Science Student at Georgia Institute of Technology). Learn why we included this. You are receiving Job Application Confirmation emails. Unsubscribe Â· Help Â© 2024 LinkedIn Corporation, 1â€Œ000 West Maude Avenue, Sunnyvale, CA 94085. LinkedIn and the LinkedIn logo are registered trademarks of LinkedIn.",Boostability
Keep track of your application,"Keep track of your application Hi Aaryaman, Thank you for your interest in Software Development Engineer Intern, Prime Air, Prime Air (AMOS) (ID: 2602881). If you have completed the application: Great! You can now check the application status here . If you are still working on the application: Don't worry! You can complete it here when you're ready. If you'd like to learn more about our culture and peculiar ways, visit amazon.jobs . Or you can get the latest Amazon news and stories by following our Day One blog . Best regards, Amazon Recruiting Team Amazon is an equal opportunity employer. Protecting your privacy and the security of your data are longstanding top priorities for Amazon. If you are an external candidate, please consult our Privacy Notice to know more about how we collect, use, and transfer the personal data of our candidates. You can let us know if you do not want to be contacted for recruitment purposes. Please refer to the ""What are my rights under applicable data protection laws?"" section of the Notice for more information. If you are an internal candidate, please consult the Employee Privacy Notice . Please don't reply to this email, as we can't review or respond to messages at this address.",Amazon
Your application to Software Engineer Intern at Scoper Inc.,"Your application to Software Engineer Intern at Scoper Inc. Í Í Í Í Í Í Í Í Í Í Í Í Í Í Í Í Í Í Í Í Í Í Í Í Í Í Í Í Í Í Í Í Í Í Í Í Í Í Í Í Í Í Í Í Í Í Í Í Í Í Í Í Í Í Í Í Í Í Í Í Í Í Í Í Í Í Í Í Í Í Í Í Í Í Í Í Í Í Í Í Í Í Í Í Í Í Í Í Í Í Í Í Í Í Í Í Í Í Í Í Í Í Í Í Í Í Í Í Í Í Í Í Í Í Í Í Í Í Í Í Í Í Í Í Í Í Í Í Í Í Í Í Í Í Í Í Í Í Í Í Í Í Í Í Í Í Í Í Í Í Í Í Í Í Í Í Í Í Í Í Your update from Scoper Inc. Software Engineer Intern Scoper Inc. Â· United States Applied on May 17 Thank you for your interest in the Software Engineer Intern position at Scoper in United States. Unfortunately, Scoper did not select your application to move forward in the hiring process. Regards, Scoper Top jobs looking for your skills Software Engineer Intern Sapidly Â· United States Software Engineer Intern Anarchy Labs Â· New York, New York, United States Software Engineering Intern Clean Seal, Inc Â· United States Intern, Software Engineer eMoney Advisor Â· United States Software Engineering Intern Netography Â· Annapolis, Maryland, United States See more jobs Get the new LinkedIn desktop app Also available on mobile This email was intended for Aaryaman Agarwal (Computer Science Student at Georgia Institute of Technology) Learn why we included this. You are receiving LinkedIn notification emails. Unsubscribe Â· Help Â© 2024 LinkedIn Corporation, 1â€Œ000 West Maude Avenue, Sunnyvale, CA 94085. LinkedIn and the LinkedIn logo are registered trademarks of LinkedIn.",Scoper
Your application to AI/ML Engineer Intern - Fall 2024 at Cranium,"Your application to AI/ML Engineer Intern - Fall 2024 at Cranium Í Í Í Í Í Í Í Í Í Í Í Í Í Í Í Í Í Í Í Í Í Í Í Í Í Í Í Í Í Í Í Í Í Í Í Í Í Í Í Í Í Í Í Í Í Í Í Í Í Í Í Í Í Í Í Í Í Í Í Í Í Í Í Í Í Í Í Í Í Í Í Í Í Í Í Í Í Í Í Í Í Í Í Í Í Í Í Í Í Í Í Í Í Í Í Í Í Í Í Í Í Í Í Í Í Í Í Í Í Í Í Í Í Í Í Í Í Í Í Í Í Í Í Í Í Í Í Í Í Í Í Í Í Í Í Í Í Í Í Í Í Í Í Í Í Í Í Í Í Í Í Í Í Í Í Í Í Í Í Í Your update from Cranium AI/ML Engineer Intern - Fall 2024 Cranium Â· United States Applied on May 16 Thank you for your interest in the AI/ML Engineer Intern - Fall 2024 position at Cranium in United States. Unfortunately, we will not be moving forward with your application, but we appreciate your time and interest in Cranium. Regards, Cranium Top jobs looking for your skills Intern, Software Engineer eMoney Advisor Â· United States Software Engineer Intern Vectara Â· Palo Alto, California, United States Java Developer ( Entry Level ) TEKtalent Inc Â· Massachusetts, United States AI/ML Engineer Intern - Spring 2025 Cranium Â· United States Software Engineering Intern Netography Â· Annapolis, Maryland, United States See more jobs Get the new LinkedIn desktop app Also available on mobile This email was intended for Aaryaman Agarwal (Computer Science Student at Georgia Institute of Technology) Learn why we included this. You are receiving LinkedIn notification emails. Unsubscribe Â· Help Â© 2024 LinkedIn Corporation, 1â€Œ000 West Maude Avenue, Sunnyvale, CA 94085. LinkedIn and the LinkedIn logo are registered trademarks of LinkedIn.",Cranium
"Aaryaman, your application was sent to Scoper","Your application was sent to Scoperâ€Œ â€Œ â€Œ â€Œ â€Œ â€Œ â€Œ â€Œ â€Œ â€Œ â€Œ â€Œ â€Œ â€Œ â€Œ â€Œ â€Œ â€Œ â€Œ â€Œ â€Œ â€Œ â€Œ â€Œ â€Œ â€Œ â€Œ â€Œ â€Œ â€Œ â€Œ â€Œ â€Œ â€Œ â€Œ â€Œ â€Œ â€Œ â€Œ â€Œ â€Œ â€Œ â€Œ â€Œ â€Œ â€Œ â€Œ â€Œ â€Œ â€Œ â€Œ â€Œ â€Œ â€Œ â€Œ â€Œ â€Œ â€Œ â€Œ â€Œ â€Œ â€Œ â€Œ â€Œ â€Œ â€Œ â€Œ â€Œ â€Œ â€Œ â€Œ â€Œ â€Œ â€Œ â€Œ â€Œ â€Œ â€Œ â€Œ â€Œ â€Œ â€Œ â€Œ â€Œ â€Œ â€Œ â€Œ â€Œ â€Œ â€Œ â€Œ â€Œ â€Œ â€Œ â€Œ â€Œ â€Œ â€Œ â€Œ â€Œ â€Œ â€Œ â€Œ â€Œ â€Œ â€Œ â€Œ â€Œ â€Œ â€Œ â€Œ â€Œ â€Œ â€Œ â€Œ â€Œ â€Œ â€Œ â€Œ â€Œ â€Œ â€Œ â€Œ â€Œ â€Œ â€Œ â€Œ â€Œ â€Œ â€Œ â€Œ â€Œ â€Œ â€Œ â€Œ â€Œ â€Œ â€Œ â€Œ â€Œ â€Œ â€Œ â€Œ â€Œ â€Œ â€Œ â€Œ â€Œ â€Œ â€Œ â€Œ â€Œ â€Œ â€Œ â€Œ â€Œ â€Œ â€Œ â€Œ â€Œ Your application was sent to Scoper Software Engineer Intern Scoper Â· United States Applied: 4 seconds ago View similar jobs you may be interested in 2024 Summer Intern: Back End Developer IBM Â· San Jose, CA Intern, Software Engineer eMoney Advisor Â· United States Java Developer ( Entry Level ) TEKtalent Inc Â· Massachusetts, United States See more This email was intended for Aaryaman Agarwal (Computer Science Student at Georgia Institute of Technology). Learn why we included this. You are receiving Job Application Confirmation emails. Unsubscribe Â· Help Â© 2024 LinkedIn Corporation, 1â€Œ000 West Maude Avenue, Sunnyvale, CA 94085. LinkedIn and the LinkedIn logo are registered trademarks of LinkedIn.",Scoper
"Aaryaman, your application was sent to Momentus Technologies","Your application was sent to Momentus Technologiesâ€Œ â€Œ â€Œ â€Œ â€Œ â€Œ â€Œ â€Œ â€Œ â€Œ â€Œ â€Œ â€Œ â€Œ â€Œ â€Œ â€Œ â€Œ â€Œ â€Œ â€Œ â€Œ â€Œ â€Œ â€Œ â€Œ â€Œ â€Œ â€Œ â€Œ â€Œ â€Œ â€Œ â€Œ â€Œ â€Œ â€Œ â€Œ â€Œ â€Œ â€Œ â€Œ â€Œ â€Œ â€Œ â€Œ â€Œ â€Œ â€Œ â€Œ â€Œ â€Œ â€Œ â€Œ â€Œ â€Œ â€Œ â€Œ â€Œ â€Œ â€Œ â€Œ â€Œ â€Œ â€Œ â€Œ â€Œ â€Œ â€Œ â€Œ â€Œ â€Œ â€Œ â€Œ â€Œ â€Œ â€Œ â€Œ â€Œ â€Œ â€Œ â€Œ â€Œ â€Œ â€Œ â€Œ â€Œ â€Œ â€Œ â€Œ â€Œ â€Œ â€Œ â€Œ â€Œ â€Œ â€Œ â€Œ â€Œ â€Œ â€Œ â€Œ â€Œ â€Œ â€Œ â€Œ â€Œ â€Œ â€Œ â€Œ â€Œ â€Œ â€Œ â€Œ â€Œ â€Œ â€Œ â€Œ â€Œ â€Œ â€Œ â€Œ â€Œ â€Œ â€Œ â€Œ â€Œ â€Œ â€Œ â€Œ â€Œ â€Œ â€Œ â€Œ â€Œ â€Œ â€Œ â€Œ â€Œ â€Œ â€Œ â€Œ â€Œ â€Œ â€Œ â€Œ â€Œ â€Œ â€Œ â€Œ â€Œ â€Œ â€Œ â€Œ â€Œ â€Œ â€Œ â€Œ â€Œ â€Œ Your application was sent to Momentus Technologies Software Engineering Intern - Summer 2024 - Remote Momentus Technologies Â· St Louis, MO Applied: 1 minute ago View similar jobs you may be interested in 2024 Summer Intern: Back End Developer IBM Â· San Jose, CA Software Engineer Intern Scoper Â· United States Java Developer ( Entry Level ) TEKtalent Inc Â· Massachusetts, United States See more This email was intended for Aaryaman Agarwal (Computer Science Student at Georgia Institute of Technology). Learn why we included this. You are receiving Job Application Confirmation emails. Unsubscribe Â· Help Â© 2024 LinkedIn Corporation, 1â€Œ000 West Maude Avenue, Sunnyvale, CA 94085. LinkedIn and the LinkedIn logo are registered trademarks of LinkedIn.",Momentus Technologies
Your BMO Alto application has been declined,"Hello Aaryaman Agarwal, Thank you for your interest in BMO Alto. Unfortunately, your account application has been declined. If you believe you have entered information incorrectly, we invite you to re-apply. Thank you for choosing BMO Alto. Application ID: 04R09YY171GV9733778G Email ID: 105.01 ** This is an unmonitored mailbox. Please do not reply to this email. ** Corporate Address: 320 S. Canal St., Chicago, IL 60606 BMO Alto is a trade name used by BMO Bank N.A. Deposits made in U.S. accounts under the BMO brand name, including BMO Alto, are not separately insured by the FDIC and count towards your FDIC deposit insurance limit at BMO Bank N.A. Banking products and services are subject to approval and are provided by BMO Bank N.A. Member FDIC BMO will never send you an email asking you to provide personal or confidential information (such as your debit or credit card number, passwords; or identification like Social Security Number or Driver's License). If you receive a suspicious email purporting to be from a member of BMO Financial Group, do not reply or click on any links. Instead, report the suspicious email to phishing@bmo.com immediately. Visit bmo.com/us/security for ways to help protect yourself online. When responding via email to BMO, please do not include any sensitive or confidential information in your message.",BMO Alto
"Aaryaman, your application was sent to Blooket","Your application was sent to Blooketâ€Œ â€Œ â€Œ â€Œ â€Œ â€Œ â€Œ â€Œ â€Œ â€Œ â€Œ â€Œ â€Œ â€Œ â€Œ â€Œ â€Œ â€Œ â€Œ â€Œ â€Œ â€Œ â€Œ â€Œ â€Œ â€Œ â€Œ â€Œ â€Œ â€Œ â€Œ â€Œ â€Œ â€Œ â€Œ â€Œ â€Œ â€Œ â€Œ â€Œ â€Œ â€Œ â€Œ â€Œ â€Œ â€Œ â€Œ â€Œ â€Œ â€Œ â€Œ â€Œ â€Œ â€Œ â€Œ â€Œ â€Œ â€Œ â€Œ â€Œ â€Œ â€Œ â€Œ â€Œ â€Œ â€Œ â€Œ â€Œ â€Œ â€Œ â€Œ â€Œ â€Œ â€Œ â€Œ â€Œ â€Œ â€Œ â€Œ â€Œ â€Œ â€Œ â€Œ â€Œ â€Œ â€Œ â€Œ â€Œ â€Œ â€Œ â€Œ â€Œ â€Œ â€Œ â€Œ â€Œ â€Œ â€Œ â€Œ â€Œ â€Œ â€Œ â€Œ â€Œ â€Œ â€Œ â€Œ â€Œ â€Œ â€Œ â€Œ â€Œ â€Œ â€Œ â€Œ â€Œ â€Œ â€Œ â€Œ â€Œ â€Œ â€Œ â€Œ â€Œ â€Œ â€Œ â€Œ â€Œ â€Œ â€Œ â€Œ â€Œ â€Œ â€Œ â€Œ â€Œ â€Œ â€Œ â€Œ â€Œ â€Œ â€Œ â€Œ â€Œ â€Œ â€Œ â€Œ â€Œ â€Œ â€Œ â€Œ â€Œ â€Œ â€Œ â€Œ â€Œ â€Œ â€Œ â€Œ â€Œ Your application was sent to Blooket Phaser Game Developer Blooket Â· United States Applied: 4 seconds ago View similar jobs you may be interested in Software Engineer Intern Scoper Â· United States Software Engineer Intern Trofi Â· United States Software Engineer Intern Anarchy Labs Â· New York, NY See more This email was intended for Aaryaman Agarwal (Computer Science Student at Georgia Institute of Technology). Learn why we included this. You are receiving Job Application Confirmation emails. Unsubscribe Â· Help Â© 2024 LinkedIn Corporation, 1â€Œ000 West Maude Avenue, Sunnyvale, CA 94085. LinkedIn and the LinkedIn logo are registered trademarks of LinkedIn.",Blooket
"Aaryaman, your application was sent to Cranium","Your application was sent to Craniumâ€Œ â€Œ â€Œ â€Œ â€Œ â€Œ â€Œ â€Œ â€Œ â€Œ â€Œ â€Œ â€Œ â€Œ â€Œ â€Œ â€Œ â€Œ â€Œ â€Œ â€Œ â€Œ â€Œ â€Œ â€Œ â€Œ â€Œ â€Œ â€Œ â€Œ â€Œ â€Œ â€Œ â€Œ â€Œ â€Œ â€Œ â€Œ â€Œ â€Œ â€Œ â€Œ â€Œ â€Œ â€Œ â€Œ â€Œ â€Œ â€Œ â€Œ â€Œ â€Œ â€Œ â€Œ â€Œ â€Œ â€Œ â€Œ â€Œ â€Œ â€Œ â€Œ â€Œ â€Œ â€Œ â€Œ â€Œ â€Œ â€Œ â€Œ â€Œ â€Œ â€Œ â€Œ â€Œ â€Œ â€Œ â€Œ â€Œ â€Œ â€Œ â€Œ â€Œ â€Œ â€Œ â€Œ â€Œ â€Œ â€Œ â€Œ â€Œ â€Œ â€Œ â€Œ â€Œ â€Œ â€Œ â€Œ â€Œ â€Œ â€Œ â€Œ â€Œ â€Œ â€Œ â€Œ â€Œ â€Œ â€Œ â€Œ â€Œ â€Œ â€Œ â€Œ â€Œ â€Œ â€Œ â€Œ â€Œ â€Œ â€Œ â€Œ â€Œ â€Œ â€Œ â€Œ â€Œ â€Œ â€Œ â€Œ â€Œ â€Œ â€Œ â€Œ â€Œ â€Œ â€Œ â€Œ â€Œ â€Œ â€Œ â€Œ â€Œ â€Œ â€Œ â€Œ â€Œ â€Œ â€Œ â€Œ â€Œ â€Œ â€Œ â€Œ â€Œ â€Œ â€Œ â€Œ â€Œ â€Œ Your application was sent to Cranium AI/ML Engineer Intern - Fall 2024 Cranium Â· United States Applied: 1 minute ago View similar jobs you may be interested in AI/ML Engineer Intern - Spring 2025 Cranium Â· United States Software Engineer Intern Go Links Â· United States Software Engineer Intern Scoper Â· United States See more This email was intended for Aaryaman Agarwal (Computer Science Student at Georgia Institute of Technology). Learn why we included this. You are receiving Job Application Confirmation emails. Unsubscribe Â· Help Â© 2024 LinkedIn Corporation, 1â€Œ000 West Maude Avenue, Sunnyvale, CA 94085. LinkedIn and the LinkedIn logo are registered trademarks of LinkedIn.",Cranium
Important information about your application to Coinbase,"Hi Aaryaman, Thank you for applying to the Summer 2024 - Software Engineer Intern role at Coinbase. Weâ€™re truly inspired by the talented people interested in building an open financial system for the world. While this is never easy news to share, we've decided not to move forward with your candidacy. We appreciate you sharing your qualifications; however, we currently have other candidates with experience that align more closely with our needs at this time. Please keep an eye out for future positions that might be of interest to you, and we will continue to keep your information on file for new openings. We wish you the very best in your job search and future adventures! Coinbase Recruiting Join our Stand with Crypto campaign and become an advocate today.",Coinbase
"Aaryaman, your application was sent to INDI Staffing Services","Your application was sent to INDI Staffing Servicesâ€Œ â€Œ â€Œ â€Œ â€Œ â€Œ â€Œ â€Œ â€Œ â€Œ â€Œ â€Œ â€Œ â€Œ â€Œ â€Œ â€Œ â€Œ â€Œ â€Œ â€Œ â€Œ â€Œ â€Œ â€Œ â€Œ â€Œ â€Œ â€Œ â€Œ â€Œ â€Œ â€Œ â€Œ â€Œ â€Œ â€Œ â€Œ â€Œ â€Œ â€Œ â€Œ â€Œ â€Œ â€Œ â€Œ â€Œ â€Œ â€Œ â€Œ â€Œ â€Œ â€Œ â€Œ â€Œ â€Œ â€Œ â€Œ â€Œ â€Œ â€Œ â€Œ â€Œ â€Œ â€Œ â€Œ â€Œ â€Œ â€Œ â€Œ â€Œ â€Œ â€Œ â€Œ â€Œ â€Œ â€Œ â€Œ â€Œ â€Œ â€Œ â€Œ â€Œ â€Œ â€Œ â€Œ â€Œ â€Œ â€Œ â€Œ â€Œ â€Œ â€Œ â€Œ â€Œ â€Œ â€Œ â€Œ â€Œ â€Œ â€Œ â€Œ â€Œ â€Œ â€Œ â€Œ â€Œ â€Œ â€Œ â€Œ â€Œ â€Œ â€Œ â€Œ â€Œ â€Œ â€Œ â€Œ â€Œ â€Œ â€Œ â€Œ â€Œ â€Œ â€Œ â€Œ â€Œ â€Œ â€Œ â€Œ â€Œ â€Œ â€Œ â€Œ â€Œ â€Œ â€Œ â€Œ â€Œ â€Œ â€Œ â€Œ â€Œ â€Œ â€Œ â€Œ â€Œ â€Œ â€Œ â€Œ â€Œ â€Œ â€Œ â€Œ â€Œ â€Œ â€Œ â€Œ â€Œ â€Œ Your application was sent to INDI Staffing Services Work From Home Junior Java Developer INDI Staffing Services Â· BogotÃ¡ Applied: 2 minutes ago View similar jobs you may be interested in Software Engineer Microsoft Â· New York, United States Software Engineer Microsoft Â· United States Software Engineer Microsoft Â· California, United States See more This email was intended for Aaryaman Agarwal (Computer Science Student at Georgia Institute of Technology). Learn why we included this. You are receiving Job Application Confirmation emails. Unsubscribe Â· Help Â© 2024 LinkedIn Corporation, 1â€Œ000 West Maude Avenue, Sunnyvale, CA 94085. LinkedIn and the LinkedIn logo are registered trademarks of LinkedIn.",INDI Staffing Services
Important information about your application to Fortra- Intern IBM i,"Dear Aaryaman, Thank you for your interest in joining Fortra. We recognize that there are many employers for you to choose from, and we sincerely appreciate your time and interest in our company. Our team has carefully reviewed your background and qualifications, and we will be moving forward with other candidates at this time for this position. However, we encourage you to apply for other openings at the company in the future. Sincerely, Fortra Global Talent Acquisition Team",Fortra
Thank you for your application to HHAeXchange!,"Hi Aaryaman, Thank you for your interest in HHAeXchange! We have received your application for the Software Engineer Intern position and are delighted that you would like to learn more about this opportunity. Our hiring team is currently reviewing applications and if your qualifications match the needs of this role, you will receive an email from one of our recruiters to schedule a phone interview. Thank you again for taking the time to apply to this role at HHAeXchange. Best Regards, The Talent Acquisition Team",HHAeXchange!
Your application to Software Engineer Intern at Boostability,"Your application to Software Engineer Intern at Boostability Í Í Í Í Í Í Í Í Í Í Í Í Í Í Í Í Í Í Í Í Í Í Í Í Í Í Í Í Í Í Í Í Í Í Í Í Í Í Í Í Í Í Í Í Í Í Í Í Í Í Í Í Í Í Í Í Í Í Í Í Í Í Í Í Í Í Í Í Í Í Í Í Í Í Í Í Í Í Í Í Í Í Í Í Í Í Í Í Í Í Í Í Í Í Í Í Í Í Í Í Í Í Í Í Í Í Í Í Í Í Í Í Í Í Í Í Í Í Í Í Í Í Í Í Í Í Í Í Í Í Í Í Í Í Í Í Í Í Í Í Í Í Í Í Í Í Í Í Í Í Í Í Í Í Í Í Í Í Í Í Your update from Boostability Software Engineer Intern Boostability Â· United States Applied on May 24 Thank you for your interest in the Software Engineer Intern position at Boostability in United States. Unfortunately, we will not be moving forward with your application, but we appreciate your time and interest in Boostability. Regards, Boostability Top jobs looking for your skills Full Stack Developer Intern CoE Mentoring Â· Silver Spring, Maryland, United States Software Engineer - Early Stage Startups Stealth Startup Â· United States Entry Level Software Engineer (Remote) Engtal Â· United States Internship, Software Engineer, AI Inference (Fall 2024) Tesla Â· Palo Alto, California, United States Software Engineering Intern Bio-Rad Laboratories Â· Pleasanton, California, United States See more jobs Get the new LinkedIn desktop app Also available on mobile This email was intended for Aaryaman Agarwal (Computer Science Student at Georgia Institute of Technology) Learn why we included this. You are receiving LinkedIn notification emails. Unsubscribe Â· Help Â© 2024 LinkedIn Corporation, 1â€Œ000 West Maude Avenue, Sunnyvale, CA 94085. LinkedIn and the LinkedIn logo are registered trademarks of LinkedIn.",Boostability
Your application to Scale AI was sent ğŸ™Œ,"Braintrust Email Template Keep the good vibes going by checking in the with community Í â€Œ  Í â€Œ  Í â€Œ  Í â€Œ  Í â€Œ  Í â€Œ  Í â€Œ  Í â€Œ  Í â€Œ  Í â€Œ  Í â€Œ  Í â€Œ  Í â€Œ  Í â€Œ  Í â€Œ  Í â€Œ  Í â€Œ  Í â€Œ  Í â€Œ  Í â€Œ  Í â€Œ  Í â€Œ  Í â€Œ  Í â€Œ  Í â€Œ  Í â€Œ  Í â€Œ  Í â€Œ  Í â€Œ  Í â€Œ  Í â€Œ  Í â€Œ  Í â€Œ  Í â€Œ  Í â€Œ  Í â€Œ  Í â€Œ  Í â€Œ  Í â€Œ  Í â€Œ  Hi Aaryaman, Your application was sent! We noticed you recently applied for a position with Scale AI . While you await feedback on your application, another member of the community asked a question on the Career Help feed that matches your expertise. Could you spare a moment to assist? Engaging with the community might lead to unexpected opportunities! Ahmed Ali Â· Engineering Freelancing BrainTrust is it worth it ? Hey folks, just joined the community and I'm seeing a ton of posts about the struggle to land gigs or secure long-term positions. With so many platforms out there, I'm curious: is it all woâ€¦ View post MN Muhammad Nouman Â· Engineering Job Search + Interviewing Opportunities as Offshore Talent Hello! I just joined Braintrust; I am targeting to get international opportunities as offshore .NET Full-Stack Web Developer. I have about 3-4 Years of experience in working on Applications which areâ€¦ View post Jose juarez Â· Engineering Job Search + Interviewing Excited to be a part of this community hello braintrust community, I just applied for a position with you, I have 7 years of experience giving preventive and corrective maintenance to computers, providing customer service and solving theiâ€¦ View post Have a question? Read Articles Visit our help center and read the articles Contact Support at support@usebraintrust.com This email was sent to aaryaman04@gmail.com as a registered member of Braintrust. Use of the service and website is subject to our Terms of Service and Privacy Policy . No longer wish to receive these emails? Adjust your settings . Â© 2024 Braintrust. All rights reserved.",Scale AI
Your application to Software Engineer Intern at Scoper Inc.,"Your application to Software Engineer Intern at Scoper Inc. Í Í Í Í Í Í Í Í Í Í Í Í Í Í Í Í Í Í Í Í Í Í Í Í Í Í Í Í Í Í Í Í Í Í Í Í Í Í Í Í Í Í Í Í Í Í Í Í Í Í Í Í Í Í Í Í Í Í Í Í Í Í Í Í Í Í Í Í Í Í Í Í Í Í Í Í Í Í Í Í Í Í Í Í Í Í Í Í Í Í Í Í Í Í Í Í Í Í Í Í Í Í Í Í Í Í Í Í Í Í Í Í Í Í Í Í Í Í Í Í Í Í Í Í Í Í Í Í Í Í Í Í Í Í Í Í Í Í Í Í Í Í Í Í Í Í Í Í Í Í Í Í Í Í Í Í Í Í Í Í Your update from Scoper Inc. Software Engineer Intern Scoper Inc. Â· United States Applied on May 17 Thank you for your interest in the Software Engineer Intern position at Scoper in United States. Unfortunately, Scoper did not select your application to move forward in the hiring process. Regards, Scoper Top jobs looking for your skills Software Engineer Intern Sapidly Â· United States Software Engineer Intern Anarchy Labs Â· New York, New York, United States Software Engineering Intern Clean Seal, Inc Â· United States Intern, Software Engineer eMoney Advisor Â· United States Software Engineering Intern Netography Â· Annapolis, Maryland, United States See more jobs Get the new LinkedIn desktop app Also available on mobile This email was intended for Aaryaman Agarwal (Computer Science Student at Georgia Institute of Technology) Learn why we included this. You are receiving LinkedIn notification emails. Unsubscribe Â· Help Â© 2024 LinkedIn Corporation, 1â€Œ000 West Maude Avenue, Sunnyvale, CA 94085. LinkedIn and the LinkedIn logo are registered trademarks of LinkedIn.",Scoper
Your application to AI/ML Engineer Intern - Fall 2024 at Cranium,"Your application to AI/ML Engineer Intern - Fall 2024 at Cranium Í Í Í Í Í Í Í Í Í Í Í Í Í Í Í Í Í Í Í Í Í Í Í Í Í Í Í Í Í Í Í Í Í Í Í Í Í Í Í Í Í Í Í Í Í Í Í Í Í Í Í Í Í Í Í Í Í Í Í Í Í Í Í Í Í Í Í Í Í Í Í Í Í Í Í Í Í Í Í Í Í Í Í Í Í Í Í Í Í Í Í Í Í Í Í Í Í Í Í Í Í Í Í Í Í Í Í Í Í Í Í Í Í Í Í Í Í Í Í Í Í Í Í Í Í Í Í Í Í Í Í Í Í Í Í Í Í Í Í Í Í Í Í Í Í Í Í Í Í Í Í Í Í Í Í Í Í Í Í Í Your update from Cranium AI/ML Engineer Intern - Fall 2024 Cranium Â· United States Applied on May 16 Thank you for your interest in the AI/ML Engineer Intern - Fall 2024 position at Cranium in United States. Unfortunately, we will not be moving forward with your application, but we appreciate your time and interest in Cranium. Regards, Cranium Top jobs looking for your skills Intern, Software Engineer eMoney Advisor Â· United States Software Engineer Intern Vectara Â· Palo Alto, California, United States Java Developer ( Entry Level ) TEKtalent Inc Â· Massachusetts, United States AI/ML Engineer Intern - Spring 2025 Cranium Â· United States Software Engineering Intern Netography Â· Annapolis, Maryland, United States See more jobs Get the new LinkedIn desktop app Also available on mobile This email was intended for Aaryaman Agarwal (Computer Science Student at Georgia Institute of Technology) Learn why we included this. You are receiving LinkedIn notification emails. Unsubscribe Â· Help Â© 2024 LinkedIn Corporation, 1â€Œ000 West Maude Avenue, Sunnyvale, CA 94085. LinkedIn and the LinkedIn logo are registered trademarks of LinkedIn.",Cranium
Important information about your application to Coinbase,"Hi Aaryaman, Thank you for applying to the Summer 2024 - Software Engineer Intern role at Coinbase. Weâ€™re truly inspired by the talented people interested in building an open financial system for the world. While this is never easy news to share, we've decided not to move forward with your candidacy. We appreciate you sharing your qualifications; however, we currently have other candidates with experience that align more closely with our needs at this time. Please keep an eye out for future positions that might be of interest to you, and we will continue to keep your information on file for new openings. We wish you the very best in your job search and future adventures! Coinbase Recruiting Join our Stand with Crypto campaign and become an advocate today.",Coinbase
Regarding your application to Coinbase Careers Page,Hello Aaryn! Reaching out from Coinbase! We notice that you indicated you had an offer from Tesla rescinded. Can you please share your offer letter here within 24 hours in order to move through our process? Thanks!,Coinbase