email subject,email body,binary classification (expected output)
updated genesis application link,"pls use the updated link below to apply to genesis: https://forms.gle/ERZuY2Tg52pVDs5m8 Startup Exchange Atlanta Kickoff Spring'25 Feb 5, 6:00 PM EST ¬∑ Tech Square ATL updated genesis application link Startup Exchange Georgia Tech ‚Äã pls use the updated link below to apply to genesis: https://forms.gle/ERZuY2Tg52pVDs5m8 View Event You received this email because you are part of Startup Exchange Atlanta Kickoff Spring'25 on Luma. To contact the host, reply to this email. Unsubscribe Host your event with Luma ‚Üó",
Thank you for Applying to Adobe,"Hi Yoomin, Thank you for taking the time to apply for the R149109 2025 University Graduate - DevOps & Platform System Engineer role. We‚Äôre fortunate to have received a lot of interest in this role, resulting in a very competitive selection process and unfortunately, at this time we have decided not to move forward with your application. While it didn‚Äôt work out this time, we hope you will continue to explore other opportunities with us by visiting our Career Site . Thank you once again for your interest in Adobe, and we wish you all the best in your search for a suitable position. * Please note: This email is sent from an unattended mailbox, please do not reply to this email. Kind Regards, Adobe Talent Acquisition Team This email was intended for yoominchoi02@gmail.com Adobe Systems Incorporated ¬∑ 345 Park Ave. San Jose, CA 95110",
Following up on your recent application to Google,"Thanks so much for interviewing with us Hi Yoomin, The hiring team has decided not to move forward with your candidacy for the Associate Product Manager, University Graduate, 2025 Start - United States role. If we come across another opening that we think could interest you and that matches your skills and experience, a member of our recruiting team may contact you. We appreciate the time that you‚Äôve spent with us and wish you the best in your search. Please don‚Äôt hesitate to reach out to me if you have questions. Thanks again for your interest, MSPP Supraja (xWF), Google recruiting ¬© 2018 Google LLC 1600 Amphitheatre Parkway, Mountain View, CA 94043 You have received this message because you recently applied for a job at Google.",
Regarding your application at Zip,"Hi Yoomin , Thank you for your interest in Zip and for taking the time to apply to our Software Engineer, New Grad (2025 Start) role. Unfortunately, we have filled all of the available positions for our Summer 2025 new grad cohort for our San Francisco office so we are no longer conducting interviews for this role. We encourage you to check our careers site to stay up to date with our latest openings. Thanks again for your interest in Zip. We wish you success in your job search! Regards, The Talent Team at Zip",
"Yoomin - [Google APM] Follow-up to your APM, University Graduate Application","Hi Yoomin , Thanks for your interest in Google! We received your application for the Associate Product Manager, University Graduate role and would like to move forward. The first step is to complete a 45 minute preliminary screen with a Product Manager that will assess Product Insight, Strategic Insight & Analytical skills. Please review the next steps below to proceed: Schedule your first interview: O ur scheduling team ( google-interview-scheduling-team@google.com ) will be reaching out to collect your availability via a candidate portal. We understand that your schedule may not be able to accommodate the requested interview window. You‚Äôre able to provide availability outside of the requested window. Please check your spam folder if you haven‚Äôt heard from them within 48 business hours. Note: We hire on a rolling basis and would recommend you interview as soon as you‚Äôre available and feel prepared. Prepare for your interview: Review our attached APM Prep Guide. Review g.co/APM , the APM program site, along with the great program-specific content on the Google Students YouTube channel : Life of an APM: Meet a Google APM Alumni APM Program Overview APM YouTube Live: Recorded APM Prep Session Meet Product Managers at Google Google Resume Tips and Advice Review the important reminders at the end of this email What happens afterwards? Once your interview is completed, I‚Äôll work on collecting your feedback (in some cases, this can take up to a week) and provide you with an email update. If successful at this interview stage, we‚Äôll proceed with 3 more Google Meet interviews and a written assignment. The second round of interviews will cover the skills described in our APM Hiring Process video linked above and you‚Äôll have the opportunity to connect with a recruiter before interviewing. Some Important Reminders: Given the strong interest we have seen in our APM internship, the expected duration of our hiring process will be approximately 8-12 weeks from your preliminary screen to the final offer. If you do have a confirmed offer deadline within that time frame, I would recommend reaching out to your recruiter with that company as early as possible to see if there is any possibility to get an extension so that you are able to fully explore your interest within Google! On my end, I will do my very best to ensure our process moves as quickly as possible. To provide you with as much flexibility as possible, we are offering a hybrid work model which may vary across roles and regions. Like most Googlers, this option means spending approximately three days in the office and two days wherever you work best. Participation in the internship program requires that you are located in the country to which you‚Äôve applied for the duration of the internship program. If you‚Äôre located outside of the country and are unsure regarding work authorization, please mention this to your recruiter. Please be advised that if you are not able to be located in the country to which you‚Äôve applied (either from the inability to obtain work authorization or the inability to travel/relocate), unfortunately, we will not be able to move forward with you as a candidate for the internship program. Best, Supraja ________________________________________ Supraja M Online Staffing Specialist Randstad Sourceright Supporting Google careers.google.com |Learn more about our candidate privacy policy.| If you received this communication by mistake, please don't forward it to anyone else (it may contain confidential or privileged information), please erase all copies of it, including all attachments, and please let the sender know it went to the wrong person. Thanks.",
[Due in 4 days] Next Part of your Google Application: Google Hiring Assessment,"Hi Yoomin Choi, Thanks again for applying for a role at Google. The next step of the hiring process will be to complete the Google Hiring Assessment , which should take about 30 minutes. You may find your assessment link in your Candidate Portal or you may also copy and paste this link into your browser: https://www.google.com/about/careers/applications/dashboard Please complete the Google Hiring Assessment by 4:03 AM ET/1:03 AM PT on December 30. We can only consider your application for a role at Google if your assessment is completed by the deadline. The results of this assessment will determine if you're eligible to move forward with the hiring process. The Google Hiring Assessment questions, along with your responses, are for your eyes only. Do not forward or share them. Instructions Please complete this ~30-minute Google Hiring Assessment which will evaluate your work styles that are important to success at Google. After completing the Google Hiring Assessment, you will be presented with an optional module to share more about how you think and behave in work-related contexts. This section is completely voluntary and will have no impact on your application. If you need troubleshooting support with your assessment, please send an email to assessment-help@google.com and include your: First and Last Name Question or description of the issue and any relevant screenshots Accommodations We value inclusiveness and understand there are many ways to process information. If you require an accommodation due to a medical condition, disability, or neurodivergence, please send an email to assessment-help@google.com to request a specific accommodation or determine what options may be available. Let us know your accommodation needs before engaging in or completing the assessment. Accommodations include, but are not limited to: Extra time to complete the assessment Guidance on screen reader resources: Google Accessibility - built in screen reader Browser URL: https://support.google.com/accessibility/answer/7031755?hl=en#zippy=%2Cchoose-text-with-your-cursor Microsoft - Narrator Browser URL: https://support.microsoft.com/en-us/windows/complete-guide-to-narrator-e4397a0d-ef4f-b386-d8ae-c172f109bdb1 There is no need to provide us with the nature of or reason for your request for accommodations at this time. Any information you do provide us regarding your health is provided with your explicit consent to our using such information to assess your accommodation request. You can withdraw that consent at any time by sending a subsequent email to assessment-help@google.com. However, if you withdraw consent before we have made an assessment we may not be able to provide you with an accommodation. Confidentiality: The information you provide in an accommodation request will only be reviewed by our global disability partner, EmployAbility, in order to assess and provide you with reasonable accommodations. Google does not require a diagnosis, treatment plan, or Government disability certificate. Thanks! Google Recruiting FAQs: Can I have an extension to complete the assessment? To keep our process fair, we ask that everyone complete the Google Hiring Assessment by the deadline. If you have a scheduling conflict that absolutely can't be moved, let us know as soon as possible by emailing assessment-help@google.com and we're happy to talk through options. Note: while we expect the GHA to take about 30 minutes to complete, you can spend as much time on it as you‚Äôd like up until your deadline noted above. Please note, if you hear from a recruiter before you've completed the Google Hiring Assessment, you'll still need to finish it by the deadline. Are there system/browser requirements to complete the Google Hiring Assessment? A consistent internet connection is essential for an optimal experience. We recommend testing your internet connection using our Measurement Lab tool to ensure it's stable. [Measurement Lab tool URL: https://www.google.com/search?q=internet%20speed%20test] Please use the latest version of one of these browsers: Chrome, Firefox, Microsoft Edge, Microsoft Internet Explorer, Safari. Additional questions? Check the Google Hiring Assessment FAQs . Google Hiring Assessment FAQ URL: https://services.google.com/fh/files/helpcenter/ghafaqs.pdf Google LLC 1600 Amphitheatre Parkway, Mountain View, CA. 94043 You received this email because of your recent application to Google.",
Thank you for applying to Salesforce,"Hello, Thank you for considering a career with Salesforce! We received your resume from a Salesforce employee and have reviewed your background and qualifications for the New Grad AMTS/MTS role to which you were submitted. Your resume has been sent to the recruiter and hiring team for review. The team will be in touch if there is an interest in moving forward. Our teams review applications on a rolling basis throughout the recruiting season. We appreciate your patience on this process. Thanks so much for your time and consideration. Best regards, The Futureforce University Recruiting Team This email was intended for yoominchoi02@gmail.com salesforce.com inc. ¬∑ Salesforce Tower, 415 Mission Street, 3rd Floor, San Francisco, CA 94105",
"Your application for our US Software Engineering, New Grad role at Stripe","Hi Yoomin, Thank you so much for your interest in joining Stripe! We want to thank you for the time and effort you took to submit an application. While we were impressed with your background, we currently have a number of qualified applicants and are not able to move forward with your candidacy at this time. We encourage you to revisit our jobs page [0] next fall to see what opportunities might interest you. The University Recruiting Team wishes you the best of luck in your search and we hope our paths cross again! Best, Stripe University Recruiting [0] stripe.com/jobs",
[GitHub] A third-party OAuth application has been added to your account,"Hey yoominchoi! A third-party OAuth application (Supabase) with user:email scopes was recently authorized to access your account. Visit https://github.com/settings/connections/applications/60b7a7e2418b90251417 for more information. To see this and other security events for your account, visit https://github.com/settings/security-log If you run into problems, please contact support by visiting https://github.com/contact Thanks, The GitHub Team",
Duolingo Application Update,"Hi Yoomin, Thank you so much for taking the time to apply for the Software Engineer, New Graduate role. We know a lot of thought and consideration went into your application, and we genuinely appreciate your interest in joining the team here at Duolingo. Unfortunately, we have made the decision to move forward with other candidates whose experience more closely aligns with our team's needs. Thanks again for your interest in Duolingo! We wish you the best of luck in your current search. Best, JJ",
[Update] Your Roblox Job Application,"Application Update Hi Yoomin, Thank you for applying to Roblox for the [2025] Associate Product Manager - New Grad role. We appreciate your time commitment to the application process and your enthusiasm for building the future of human co-experience. After careful review of your application, we have made the difficult decision to not move forward with your candidacy. While it didn‚Äôt work this time, we hope that you'll stay in touch and apply for future positions. To stay updated on all Early Career Talent opportunities at Roblox, opt-in to our newsletter here . Thank you again for your interest, and we wish you all the best! Warmly, Roblox Early Career Talent",
Thank you for applying to Roblox!,"Thank you for applying to Roblox! Hello Yoomin, Thank you for applying to Roblox! We‚Äôre thrilled to hear you are excited about building the future of our human, co-experience platform. Here‚Äôs a look ahead at the recruiting process - we look forward to reviewing your application! Warmly, Roblox Early Career Talent The content of this email is confidential and specific to you. Do not forward or share with others.",
Your application with Pinterest,"Hi Yoomin, Thank you so much for your interest in Pinterest. We know that it takes time and energy to apply for a new role. Unfortunately, the Staff Product Manager, Trust & Safety Generalist position you applied for has been filled and we are closing applications for the role. But don‚Äôt worry! We are always actively hiring for other roles, and we encourage you to keep an eye on our Careers page for opportunities that may be a match for you. Thank you again for taking the time to apply! Sincerely, Pinterest Recruiting",
"Form shared with you: ""2024 uniBuzzy Application Form""","Yoomin Choi shared a form Yoomin Choi ( letsfly612@gmail.com ) has invited you to edit the following form: 2024 uniBuzzy Application Form Open If you don't want to receive files from this person, block the sender from Drive Google LLC, 1600 Amphitheatre Parkway, Mountain View, CA 94043, USA You have received this email because letsfly612@gmail.com shared a file or folder located in Google Drive with you.",
Your Application to Chime,"Hi Yoomin, Thank you for your interest in Chime and for applying to the Software Engineer, Pay Anyone (New Grad) position. We very much appreciate your interest in joining our team and the time you took to apply. We‚Äôve reviewed your application and, unfortunately, we‚Äôve decided not to move forward with your candidacy at this time. We‚Äôd love to stay connected, though, so when a future opportunity arises that might be better for both of us, you‚Äôll be in the know! There are multiple ways to stay up-to-date on all that we‚Äôre doing and what jobs are open, including: Continue to watch our open roles on our careers site Follow us on LinkedI n Check out and follow our blog, Life at Chime! See what we‚Äôre chatting about with our members on Twitter , Facebook , and Instagram üíö, Chime Talent",
[Applied Intuition] Application update,"Yoomin, Thanks so much for your interest and taking the time to apply to Applied Intuition. We had a chance to review your application and have decided to move forward with other candidates at the moment. We would love to keep your information on file as Applied is growing rapidly, the company looks different every 6 months, and there may be new opportunities that are a better fit for your experience in the future. Don't hesitate to keep an eye on our careers page as well for any new roles that might be of interest. Thank you again and wishing you all the best in your search! Thanks, Applied Intuition",
Thank you for Applying to Adobe,"Hi Yoomin, Thank you for taking the time to apply for the R148946 2025 University Graduate - Software Development Engineer role. We‚Äôre fortunate to have received a lot of interest in this role, resulting in a very competitive selection process and unfortunately, at this time we have decided not to move forward with your application. While it didn‚Äôt work out this time, we hope you will continue to explore other opportunities with us by visiting our Career Site . Thank you once again for your interest in Adobe, and we wish you all the best in your search for a suitable position. * Please note: This email is sent from an unattended mailbox, please do not reply to this email. Kind Regards, Adobe Talent Acquisition Team This email was intended for yoominchoi02@gmail.com Adobe Systems Incorporated ¬∑ 345 Park Ave. San Jose, CA 95110",
Thanks for applying to Google!,"Hi Yoomin Choi, Thanks for applying to Google! There are a ton of great companies out there, so we appreciate your interest in joining our team. We‚Äôll review your application carefully and keep Sangjin Yun, Min Choi updated on your progress. In the meantime, learn more about our job opportunities and life at Google on our YouTube channel . Thanks! - The Google Recruiting Team --- Google Inc. 1600 Amphitheatre Parkway, Mountain View, CA 94043 This email was sent to you as a transactional notification of activity related to Google Recruiting.",
Regarding your application to Sumo Logic,"Hi Yoomin, Thank you for your interest in the Software Engineer I - MLE at Sumo Logic! After careful consideration and reviewing your background and experience, we have decided to move forward with other candidates whose skill sets are more closely aligned with the team's current needs. We will reach out to you if another opportunity arises that would be a better fit. Thank you for giving us the opportunity to consider your application, and we wish you success in your job search. Regards, Sumo Logic Recruiting Team",
Thank you for applying to Databricks!,"Hi Yoomin, Thanks for applying to Databricks! Your application for the Software Engineer - New Grad (2025 Start) role has been received. We will review it shortly and reach out if there is a fit. Please note that all official communication from Databricks will come from email addresses ending with @databricks.com or @goodtime.io (our meeting tool). Regards, Databricks ** Please note: Do not reply to this email. This email is sent from an unattended mailbox. Replies will not be read.",
An update on your recent Siemens application,"Hi Yoomin, Thank you for taking the time to apply for the role of Atlas Graduate Program: Software Engineer (2025) (438834) with us. On this occasion, we decided to move forward with other candidates. Due to the volume of applications that we receive, we are unable to provide individual feedback, but we thank you for considering Siemens and hope you will continue to explore our career opportunities. New opportunities to create a better tomorrow with Siemens arise every day, so please don't let this stop you from applying for a different role. We would like to also reassure you that, in case you have any other ongoing application processes, these will not be affected by this outcome. Similarly, in line with the data protection settings on your account, we may also get in touch with you again if any other opportunities are identified as suitable for you. Thanks again, Siemens Talent Team",
Fwd: Georgia Tech Application Submitted,"Georgia tech transfer application (Successfully submitted) ---------- Forwarded message --------- Î≥¥ÎÇ∏ÏÇ¨Îûå: Georgia Tech < comms@admission.gatech.edu > Date: 2024ÎÖÑ 9Ïõî 15Ïùº (Ïùº) Ïò§ÌõÑ 11:04 Subject: Georgia Tech Application Submitted To: < eylalina12@gmail.com > Georgia Tech Application Submitted The latest news from Undergraduate Admission at Georgia Tech. Hyemin, Thank you for your recent application to Georgia Tech. Your application has been received by our office and is now under review. ADMISSION PORTAL Via your Admission Portal, you can: Verify personal information Review your application checklist Upload requested application checklist items Check your application status page regularly for updates, requests, and other important messages. Georgia Tech uses email and the application status page as the ONLY communications tools for admission updates. If you have not already done so, please ensure that emails from admission@gatech.edu can be safely delivered to your email account. If you have questions regarding your application, please contact the Office of Undergraduate Admission via email . Sincerely, Office of Undergraduate Admission Georgia Institute of Technology Office of Undergraduate Admission Georgia Institute of Technology Atlanta, GA 30332-0320",
Your application to Barclays,"Subject: Yoomin Choi ‚Äé- 90392884 Full Stack Developer Barclays Email Classification: Restricted - External Dear Yoomin, Unfortunately, we have decided not to progress with your application further at this time. We understand that this may be disappointing news and we appreciate the time and effort you put into your application. We regularly check our applicant database to match candidates with roles on offer at Barclays, so if there is an opening that matches your skills, we‚Äôll let you know. We would also encourage you to review our current opportunities at www.Barclays.com/careers. In the meantime, we would recommend you review your candidate profile on a regular basis and keep your details up to date. Your candidate profile was created during the application process and can be accessed by clicking here [not available] . As per the agreed Privacy Statement, we will keep your details on file for the specified period of time. After this, and assuming no further recruitment activity has occurred, your details will be removed from our database. If you would like to have your details removed from our database sooner than this, you can request this through your candidate profile. Requests for profile removal will be dealt with according to applicable law. Thank you for your interest in Barclays, we sincerely hope you will consider another application in the future. Kind regards, Barclays Talent Acquisition Team This mailbox is not monitored, please do not reply to this email. Please use the Help Desk for any queries. This email was intended for yoominchoi02@gmail.com",
Thank you for applying to Zynga Early Careers,"Hi Yoomin, Thank you for your interest to join the Zynga Early Careers team. We are always looking for talented people to help us develop new ways for people to connect through play. Next steps: Our hiring team will be reviewing all applications and will be in touch if your experience and skills are a match for the role. In any case, we will keep you posted on the status of your application. In addition, we will keep your information to match your profile against new vacancies in accordance with our privacy notice . If you do not wish to be considered against future vacancies or wish to be removed from our system, please email hr-dataprotection@take2games.com . Thank you, again, for taking the time to apply for this role at Zynga Early Careers. Best regards, The Recruiting Team",
Thank you for applying to Samsara,"Dear Yoomin, Thank you for applying to the Associate Product Manager role and for choosing Samsara in your job search! Your interest means a lot to us, and we're grateful for your application. Our recruiters are actively reviewing applications every day, and we will be in touch about next steps if you are selected to move forward in the application process. In the meantime, please get to know us more: Learn about our mission and values Follow us on LinkedIn for the latest updates Explore Samsara Careers for additional opportunities Warm regards, Samsara‚Äôs Recruiting Team ** Please note: Do not reply directly to this email.",
"eBay - Technical Product Manager [MBA] - Intern, application via RippleMatch and 1 more ""technical product manager new grad"" opportunity","RippleMatch eBay - Technical Product Manager [MBA] - Intern, application via RippleMatch: This role is with eBay. eBay uses RippleMatch to‚Ä¶ Õè Õè Õè Õè Õè Õè Õè Õè Õè Õè Õè Õè Õè Õè Õè Õè Õè Õè Õè Õè Õè Õè Õè Õè Õè Õè Õè Õè Õè Õè Õè Õè Õè Õè Õè Õè Õè Õè Õè Õè Õè Õè Õè Õè Õè Õè Õè Õè Õè Õè Õè Õè Õè Õè Õè Õè Õè Õè Õè Õè Õè Õè Õè Õè Õè Õè Õè Õè Õè Õè Õè Õè Õè Õè Õè Õè Õè Õè Õè Õè Õè Õè Õè Õè Õè Õè Õè Õè Õè Õè Õè Õè Õè Õè Õè Õè Õè Õè Õè Õè Õè Õè Õè Õè Õè Õè Õè Õè Õè Õè Õè Õè Õè Õè Õè Õè Õè Õè Õè Õè Õè Õè Õè Õè Õè Õè Õè Õè Õè Õè Õè Õè Õè Õè Õè Õè Õè Õè Õè Õè Õè Õè Õè Õè Õè Õè Õè Õè Õè Õè Õè Õè Õè Õè Õè Õè Õè Õè Õè Õè Your job alert for technical product manager new grad 2 new jobs in California match your preferences. eBay - Technical Product Manager [MBA] - Intern, application via RippleMatch RippleMatch ¬∑ San Francisco, CA (Hybrid) $3.8K-$4.6K / month Actively recruiting eBay - Technical Product Manager [MBA] - Intern, application via RippleMatch RippleMatch ¬∑ San Jose, CA (Hybrid) $3.8K-$4.6K / month Actively recruiting See all jobs Job search smarter with Premium Try 1 month for $0 Get the new LinkedIn desktop app Also available on mobile This email was intended for Yoomin Choi (Prev SWE/TPM Intern @ Oracle | CS @ Georgia Tech) Learn why we included this. You are receiving Job Alert emails. Manage job alerts ¬∑ Unsubscribe ¬∑ Help ¬© 2024 LinkedIn Corporation, 1‚Äå000 West Maude Avenue, Sunnyvale, CA 94085. LinkedIn and the LinkedIn logo are registered trademarks of LinkedIn.",
Thank you for Applying to Adobe,"Hi Yoomin, Thank you for taking the time to apply for the R150081 2025 University Graduate - Product Manager role. We‚Äôre fortunate to have received a lot of interest in this role, resulting in a very competitive selection process and unfortunately, at this time we have decided not to move forward with your application. While it didn‚Äôt work out this time, we hope you will continue to explore other opportunities with us by visiting our Career Site . Thank you once again for your interest in Adobe, and we wish you all the best in your search for a suitable position. * Please note: This email is sent from an unattended mailbox, please do not reply to this email. Kind Regards, Adobe Talent Acquisition Team This email was intended for yoominchoi02@gmail.com Adobe Systems Incorporated ¬∑ 345 Park Ave. San Jose, CA 95110",
Thank you for your application to Oracle,"Hello Yoomin, Thank you for your interest in the position of Software Development Manager-235278. We know it takes time and energy to apply, so we appreciate you considering us. The hiring manager has chosen to move forward with another candidate so we will not be able to explore this particular role further at this time. We will continue to consider you for similar roles as they become available, and we look forward to exploring those opportunities with you. Note: This email is only related to the Job requisition indicated above. If you are already in touch with the Oracle Hiring team for other role(s) apart from this role OR you have interviews that are scheduled and not yet completed, rest assured this rejection doesn‚Äôt impact your progress on those role(s). As always, please feel free to contact your Talent Advisor for further updates. Best of luck with your job search! Oracle Talent Acquisition",
Barclays: We‚Äôve received your application!¬†,"Subject: Yoomin Choi ‚Äé- 90392884 Full Stack Developer Barclays Email Classification: Restricted - External Dear Yoomin, Thank you for applying to Barclays and for the time and effort you‚Äôve put into exploring a role with us. We wanted to let you know we‚Äôve received your application and are currently reviewing it. Your application is important to us, and we‚Äôll keep you updated on the progress of your application as we move through the selection process. If you have selected to receive email updates, we will email you updates on your progress. Alternatively, you can access updates through your candidate profile on our career site. We‚Äôd like to encourage you to please review your candidate profile on a regular basis to ensure that your details and preferences are up to date. If you have any specific needs and/or require additional support, please ensure that you highlight these to the Recruiter so we can make sure that we put appropriate adjustments/accommodations in place. Thank you for considering a career with Barclays and best of luck with your application. Kind regards Barclays Talent Acquisition Team This mailbox is not monitored, please do not reply to this email. This email was intended for yoominchoi02@gmail.com",
Thank you for applying at Intuit,"Dear Yoomin, Thank you very much for your recent application to Intuit. Your resume will be reviewed by our recruiting staff, and we will contact you soon, should we feel that your background meets our current needs. Thanks again. Intuit This is an automated email response. Please do not reply. This message was sent to yoominchoi02@gmail.com. If you don't want to receive these emails from this company in the future, please go to: https://intuit.icims.com/icims2/?r=69B02641443&contactId=10721866&pid=17 ¬© Intuit, Inc.; 7535 Torrey Santa Fe Rd; San Diego, CA 92129; USA",
Thanks for applying to Adobe,"Dear Yoomin Choi , We wanted to let you know that we received your application for the R149119 2025 University Graduate - Program Manager role. We look forward to learning more about you and we‚Äôll be in touch if your skills and experiences are a match for this role. If you'd like to review your application status, please sign in to your account on our career site . In the meantime, we invite you to get to know our culture and our people. ‚Ä¢ Adobe Life Blog - Hear from our employees themselves about their career experiences. ‚Ä¢ Best Places to Work Awards ‚Äì There‚Äôs nothing more rewarding than recognition from our employees and the industry. ‚Ä¢ LinkedIn and Twitter ‚Äì We‚Äôd love to stay in touch. Please follow us on LinkedIn and Twitter. Thanks, Adobe's Talent Acquisition Team Privacy is important to Adobe. Our Applicant Privacy Notice explains how we may use any personal data which you may submit as part of the job application process. This email was intended for yoominchoi02@gmail.com Adobe Systems Incorporated ¬∑ 345 Park Ave. San Jose, CA 95110",
Complete your application with Adobe,"Hi Yoomin, This is a reminder that you have yet to submit the application for the 2025 University Graduate - Program Manager job. To finish your application, please click on the following link to complete your application. Continue Applying Thank you for your interest. We look forward to staying connected with you. Best Regards, Adobe Talent Acquisition Team Connect with us Adobe and the Adobe logo are either registered trademarks or trademarks of Adobe in the United States and/or other countries. All other trademarks are the property of their respective owners. Please review the Adobe Privacy Policy. To ensure delivery to your inbox, please add donotreply@opportunities.adobe.com to your address book. You can unsubscribe here and stop receiving these job alert emails",
IMPORTANT: Your application with Adobe,"Hey Yoomin, I‚Äôm just checking in here! Did you have a chance to finish your application for the 2025 University Graduate - DevOps & Platform System Engineer position with Adobe ? If No : We wanted to let you know that, based on the information you've submitted on WayUp, it‚Äôs critical that you finish the application with Adobe so you can increase your chances getting hired. FINISH YOUR APPLICATION . If Yes : you're all set and we highly encourage you to check out some prep materials and more information on Adobe if you land an interview! Interview Prep 101 7 First Round Interview tips The Ultimate Guide to Following Up Check out more tips, tricks, and career resources here ! Good luck, The Team at WayUp Don‚Äôt want to find a new job? Update your preferences here .",
Thank you for your application to Oracle,"Hello Yoomin, Thank you for your interest in the position of Software Engineer - NetSuite Platform, Upgrades Team-251542. We know it takes time and energy to apply, so we appreciate you considering us. The hiring manager has chosen to move forward with another candidate so we will not be able to explore this particular role further at this time. We will continue to consider you for similar roles as they become available, and we look forward to exploring those opportunities with you. Note: This email is only related to the Job requisition indicated above. If you are already in touch with the Oracle Hiring team for other role(s) apart from this role OR you have interviews that are scheduled and not yet completed, rest assured this rejection doesn‚Äôt impact your progress on those role(s). As always, please feel free to contact your Talent Advisor for further updates. Best of luck with your job search! Oracle Talent Acquisition",
Important information about your application to Coinbase,"Hi Yoomin, Thank you for applying to the Crypto Product Manager I - Consumer Products role at Coinbase. We‚Äôre truly inspired by the talented people interested in building an open financial system for the world. While this is never easy news to share, we've decided not to move forward with your candidacy. We appreciate you sharing your qualifications; however, we currently have other candidates with experience that align more closely with our needs at this time. Please keep an eye out for future positions that might be of interest to you, and we will continue to keep your information on file for new openings. We wish you the very best in your job search and future adventures! Coinbase Recruiting Join our Stand with Crypto campaign and become an advocate today.",
Have you completed your full application for 2025 University Graduate - DevOps & Platform System Engineer at Adobe?,"Hi Yoomin, Thanks for your interest in 2025 University Graduate - DevOps & Platform System Engineer on WayUp! Have you completed the second part of the application process on Adobe's site? Yes! No, Finish now We‚Äôre rooting for you, you‚Äôve got this! - The WayUp Team",
You have successfully submitted your IBM job application.,"IBM Careers Thank you for applying Yoomin Choi, thank you for applying to the role of Entry Level Software Developer: 2025 Ref:724127BR at IBM. We‚Äôre excited that you‚Äôre considering us as your next employer! Here at IBM, we believe our greatest asset is the IBMer. We strive every day to foster a culture of conscious inclusion for all individuals and provide IBMers the opportunity to make a positive impact on the world while bringing their authentic selves to work. To that end, we want to be as transparent as possible with you about what to expect next now that you‚Äôve applied to IBM. Currently, your application is being reviewed by real IBMers, who are experts in screening resumes in their respective fields. If there's a potential match, we‚Äôll contact you to discuss the next steps of our hiring process. While you wait to hear from us: ‚Ä¢ Visit our special careers page to find tips on acing your interview and career advice from current IBMers. You can also check out our application process page to learn more about how we hire at IBM. ‚Ä¢ Connect with us on our Life@IBM social media channels (links in the footer below) where you can engage with us further, discover what life at IBM is like, and see how IBMers around the world are making an impact. You can also check the status of your application at any time by visiting your IBM Career Portal . If you have any questions, please feel free to send us a direct message on any of our social channels. Thank you again, Yoomin, for taking the time to apply to IBM and for your interest in becoming a future IBMer. Best regards, Your IBM Recruiting Team ibm.com/jobs ¬© IBM | Data Privacy Policy To ensure delivery to your inbox, please add talent@ibm.com to your address book. Please do not reply to this email, as we are unable to respond from this address. ¬© IBM Corporation 2023. IBM, the IBM logo, IBM Cloud‚Ñ¢ and ibm.com are trademarks of the International Business Machines Corp., registered in many jurisdictions worldwide. This document is current as of the initial date of publication and may be changed by IBM at any time. Not all offerings are available in every country in which IBM operates. If you would like to stop receiving emails about this role, withdraw your application from consideration, or have your profile removed from our system, please log into your IBM Career Portal, and contact our technical support team, or email us at IBM Alumni . ¬© IBM | Data Privacy Policy",
Following up on your recent application to Google,"Thanks so much for applying with us Hi Yoomin, A Googler recently invited you to apply for the UX Engineer, Early Career - Sunnyvale role. We carefully reviewed your background and experience, and decided not to proceed with your application at this time. Although this role didn't work out, we may contact you if we come across another opening that we think could interest you and that matches your skills and experience. Also, if you applied for any other roles with us recently, look for an update on them soon. Thanks again for your interest, Ayesha Jabeen (xWF), Google recruiting ¬© 2018 Google LLC 1600 Amphitheatre Parkway, Mountain View, CA 94043 You have received this message because you recently applied for a job at Google.",
Thanks for applying to Adobe,"Dear Yoomin Choi , We wanted to let you know that we received your application for the R148211 2025 University Graduate - Software Development Engineer role. We look forward to learning more about you and we‚Äôll be in touch if your skills and experiences are a match for this role. If you'd like to review your application status, please sign in to your account on our career site . In the meantime, we invite you to get to know our culture and our people. ‚Ä¢ Adobe Life Blog - Hear from our employees themselves about their career experiences. ‚Ä¢ Best Places to Work Awards ‚Äì There‚Äôs nothing more rewarding than recognition from our employees and the industry. ‚Ä¢ LinkedIn and Twitter ‚Äì We‚Äôd love to stay in touch. Please follow us on LinkedIn and Twitter. Thanks, Adobe's Talent Acquisition Team Privacy is important to Adobe. Our Applicant Privacy Notice explains how we may use any personal data which you may submit as part of the job application process. This email was intended for yoominchoi02@gmail.com Adobe Systems Incorporated ¬∑ 345 Park Ave. San Jose, CA 95110",
Application Received for Job #22939103,"Dear Candidate, This message is to acknowledge receipt of your resume. We greatly appreciate your interest in the position. Your resume will be considered for our current and future opportunities. Thank you. Please note that this is an automated message, please do not reply to this email.",
Thank you for applying to The Trade Desk,"Yoomin, Thanks for applying to The Trade Desk. Your application has been received and we'll review it right away. If your application seems like a good fit for the position, we'll contact you soon. To learn more about The Trade Desk, check out the links below: Company LinkedIn: https://www.linkedin.com/company/the-trade-desk The Current: https://www.thecurrent.com/sections/the-latest The Edge Academy: https://www.thetradedesk.com/us/edge-academy Regards, The Trade Desk Recruiting Team ** Please note: Do not reply to this email. This email was sent from an unattended mailbox. Replies will not be read. To ensure you receive any emails from The Trade Desk regarding this or future roles or events, please add Greenhouse and The Trade Desk as verified contacts. Otherwise emails may get bounced by spam filters. **",
Thanks for applying to Stripe!,"Hi Yoomin, Thanks so much for submitting your application for the Software Engineer, New Grad role! As a reminder, we have recorded your location preferences based on your application responses so only one application is required. With the high volume of applications, our University Recruiting team will review applications on a rolling basis which may cause a delay in our response times. We appreciate your understanding and, in the meantime, encourage you to check out our quick guide to Stripe culture [0], our blog [1], and our LinkedIn page [2] to get a feel for what we're up to at Stripe. We hope to connect soon! Stripe [0] https://stripe.com/jobs/life-at-stripe [1] https://stripe.com/blog [2] https://www.linkedin.com/company/stripe ** Please note: this inbox does not accept replies so your warm responses will not be received",
Your application for University Grad Software Engineer (USA) at Pinterest,"Hi Yoomin, Thank you so much for your interest in Pinterest. We know that it takes time and energy to submit for a new role. Our recruiting team carefully reviewed your background and experience and, unfortunately, we won‚Äôt be moving forward with your application at this time. We do encourage you to keep an eye on our Careers page for roles that may be a better match in the future. Thank you again for taking the time to apply! Sincerely, Pinterest‚Äôs Recruiting Team",
Atlassian: Thanks for Completing Your Application,"Hello Yoomin, Thank you again for your interest in the Full Stack Software Engineer position. Your application is being reviewed by our team and you should expect to receive an update from us soon. Cheers, Atlassian Recruiting Cheers, Atlassian Recruiting This message was sent to yoominchoi02@gmail.com. If you don't want to receive these emails from this company in the future, please go to: https://atlassian.icims.com/icims2/?r=A8272190683&contactId=2549110&pid=111 ¬© Atlassian (Global HQ) Level 6, 341 George Street Sydney, NSW 2000, Australia",
[Update] Your Roblox Job Application,"Application Update Hi Yoomin, Thank you for applying to Roblox for the [2025] Software Engineer - New Graduate role. We appreciate your time commitment to the application process and your enthusiasm for building the future of human co-experience. After careful review of your application, we have made the difficult decision to not move forward with your candidacy. While it didn‚Äôt work this time, we hope that you'll stay in touch and apply for future positions. To stay updated on all Early Career Talent opportunities at Roblox, opt-in to our newsletter here . Thank you again for your interest, and we wish you all the best! Warmly, Roblox Early Career Talent",
Successfully submitted application for Yoomin Choi,"Hi Yoomin Choi, We have received your application for position Cloud AI Power & Limits Management Software Engineer - 3065293 . Thank you for choosing Qualcomm as a prospective employer, where we are passionate about our people and the limitless potential of your career. We are currently reviewing your application and will reach out as soon as there is an update. Thanks, Qualcomm Talent Acquisition Team Why Qualcomm? Career Development - We prioritize opportunities for continuous learning with career development programs, employee recognition initiatives, tuition reimbursement, and mentorship, all so our employees can exceed their potential. Diversity, Equity, & Inclusion - We find diversity and the creativity it brings, vital to our success. To foster this diversity, we are committed to equitable and inclusive practices that allow each employee the opportunity to succeed. Corporate Responsibility - We invent technologies that have the power to catalyze social change and the potential to have a positive impact on society for the better-for everyone. Click here to learn more. We are limitless. This email was intended for yoominchoi02@gmail.com Qualcomm ‚Ä¢ 5775 Morehouse Drive San Diego, CA 92121 USA.",
Thank you for applying to Zip!,"Hi Yoomin, Thanks for your interest and for applying to our Software Engineer, New Grad (2025 Start) position! Your application has been received and will be reviewed by our team. If you are a top candidate for the role, you will receive a message regarding next steps. If you are not selected, please continue to view our careers page for roles that may be a better match in the future. We realize it takes time and effort to apply and we appreciate your time. Regards, Zip Please note: Do not reply to this email. This email was sent from an unattended mailbox. Replies will not be read.",
Thank you for applying to IXL Learning!,"Hi Yoomin, Thank you for applying to IXL Learning. Our hiring team will review your resume soon! Please note, due to the high volume of applications we receive, we are only able to contact candidates whose qualifications best match our current needs. Thank you again for your interest in IXL Learning. Best, IXL Recruiting",
Thanks for applying to Meta,"Facebook Hi Yoomin, We appreciate you taking the time to submit your application for the Business Engineer (University Grad) role. Our recruiting team will contact you if your qualifications are a strong match for the role. You can explore Career Profile to find status information, interview resources, and much more as you continue your career journey with Meta. Go to Career Profile Thank you, The Recruiting team at Meta Hi Yoomin, We appreciate you taking the time to submit your application for the Business Engineer (University Grad) role. Our recruiting team will contact you if your qualifications are a strong match for the role. You can explore Career Profile to find status information, interview resources, and much more as you continue your career journey with Meta. Go to Career Profile Thank you, The Recruiting team at Meta This message was sent to yoominchoi02@gmail.com at your request. If you don‚Äôt want to receive these emails from Meta in the future, please unsubscribe . Meta Platforms, Inc., Attention: Community Support, 1 Hacker Way, Menlo Park, CA 94025",
Thanks for applying to Adobe,"Dear Yoomin Choi , We wanted to let you know that we received your application for the R150081 2025 University Graduate - Product Manager role. We look forward to learning more about you and we‚Äôll be in touch if your skills and experiences are a match for this role. If you'd like to review your application status, please sign in to your account on our career site . In the meantime, we invite you to get to know our culture and our people. ‚Ä¢ Adobe Life Blog - Hear from our employees themselves about their career experiences. ‚Ä¢ Best Places to Work Awards ‚Äì There‚Äôs nothing more rewarding than recognition from our employees and the industry. ‚Ä¢ LinkedIn and Twitter ‚Äì We‚Äôd love to stay in touch. Please follow us on LinkedIn and Twitter. Thanks, Adobe's Talent Acquisition Team Privacy is important to Adobe. Our Applicant Privacy Notice explains how we may use any personal data which you may submit as part of the job application process. This email was intended for yoominchoi02@gmail.com Adobe Systems Incorporated ¬∑ 345 Park Ave. San Jose, CA 95110",
Thank you for applying to Salesforce / Associate Product Manager¬†/ JR265061,"Dear Yoomin, Thank you for considering a career with Salesforce! We received your resume from a Salesforce employee and have reviewed your background and qualifications for the Associate Product Manager to which you were submitted. Your resume has been sent to the recruiter and hiring team for review. The team will be in touch if there is an interest in moving forward. Our teams review applications on a rolling basis, so we appreciate your patience on this process. Thanks so much for your time and consideration. Best regards, The Futureforce University Recruiting Team This email was intended for yoominchoi02@gmail.com salesforce.com inc. ¬∑ Salesforce Tower, 415 Mission Street, 3rd Floor, San Francisco, CA 94105",
Thank you for your application to Oracle,"Hello Yoomin, Thank you for your interest in the position of Software Developer - Kubernetes Engine-247186. We know it takes time and energy to apply, so we appreciate you considering us. The hiring manager has chosen to move forward with another candidate so we will not be able to explore this particular role further at this time. We will continue to consider you for similar roles as they become available, and we look forward to exploring those opportunities with you. Note: This email is only related to the Job requisition indicated above. If you are already in touch with the Oracle Hiring team for other role(s) apart from this role OR you have interviews that are scheduled and not yet completed, rest assured this rejection doesn‚Äôt impact your progress on those role(s). As always, please feel free to contact your Talent Advisor for further updates. Best of luck with your job search! Oracle Talent Acquisition",
Thank you for your application to WeRide.ai,"Hi Yoomin, Thank you for your interest in WeRide.ai! We wanted to let you know we received your application for New Grads 2025 - General Software Engineer, and we are delighted that you would consider joining our team. Our team will review your application and will be in touch if your qualifications match our needs for the role. If you are not selected for this position, keep an eye on our jobs page as we're growing and adding openings. Best, The WeRide.ai Team",
Thank you for applying to WeRide.ai,"Dear Yoomin, Thanks for applying to WeRide.ai. Your application has been received and we will review it right away. If your application seems like a good fit for the position we will contact you soon. Since we are rapidly growing and expanding, we are expecting to have more openings in the future. Please follow us on LinkedIn for the latest career opportunities, news, and technology updates. Check out more on our LinkedIn page: https://www.linkedin.com/company/werideai Regards, WeRide.ai ** Please note: Do not reply to this email. This email is sent from an unattended mailbox. Replies will not be read.",
Thank you for applying to Applied Intuition!,"Yoomin, Thanks for applying to Applied Intuition. Our Recruiting Team will review your profile as soon as possible. If your application seems like a good fit for the position we will reach out directly to set up an initial call to learn more about your experience. The company is growing quickly, so please continue to keep an eye on our careers page for any additional roles that might interest you. Thanks, Applied Intuition",
Thank you for your application to Genesis Therapeutics,"Hi Yoomin, Thank you for your interest in Genesis Therapeutics! We wanted to let you know we received your application for Software Engineer (New Grad), and we are delighted that you would consider joining our team. Our team will review your application and will be in touch if your qualifications match our needs for the role. If you are not selected for this position, keep an eye on our jobs page as we're growing and adding openings. Best, The Genesis Therapeutics Team",
Thank you for applying to NewsBreak,"Hello Yoomin, Thanks for applying to NewsBreak. We have received your application. Our hiring team is currently reviewing all applications. If you are among qualified candidates, we will reach out for next step soon. Thank you, again, for taking the time to apply to this role at NewsBreak. Regards, NewsBreak ** Please note: Do not reply to this email. This email is sent from an unattended mailbox. Replies will not be read.",
Thank You for Applying to ServiceNow!,"Hi Yoomin, Thanks for your interest in ServiceNow! We received your application for the UTG - Software Engineer - New College Grad position. Here's a quick note on what happens next. Our Talent Acquisition team will review your application and if there‚Äôs a match, we‚Äôll reach out to discuss the next steps. You can check the status of your application using the link below. Curious about what life at ServiceNow is like? Check out our Life at Now blog to see what our employees are saying about working here. Interested in growing your technical skills? Build your ServiceNow skills on the Now Platform¬Æ with self-paced courses and real-time training sessions. Cheers, ServiceNow Talent Acquisition team Access My Application Please do not share or forward this email, as it pertains to your specific job application",
"Your application for Staff Product Manager, Empathetic AI at Pinterest","Hi Yoomin, Thank you for your interest in joining the Pinterest team! We appreciate the time you took to apply for a role with us and are excited to learn about your skills and experience. We are carefully reviewing each application. If your qualifications align with the requirements of the role, you can expect to hear from one of our recruiters. As we review your application, find inspiration from the people behind the product by exploring our Life at Pinterest Blog for a glimpse behind the curtain into our company culture and discover what it‚Äôs like to be a Pinterest employee. Additionally, we invite you to join our Talent Community to stay connected with our latest news, company updates and events. We sincerely appreciate your patience throughout this process. Thanks again, Pinterest Recruiting",
"Your application for Staff Product Owner, Sales at Pinterest","Hi Yoomin, Thank you for your interest in joining the Pinterest team! We appreciate the time you took to apply for a role with us and are excited to learn about your skills and experience. We are carefully reviewing each application. If your qualifications align with the requirements of the role, you can expect to hear from one of our recruiters. As we review your application, find inspiration from the people behind the product by exploring our Life at Pinterest Blog for a glimpse behind the curtain into our company culture and discover what it‚Äôs like to be a Pinterest employee. Additionally, we invite you to join our Talent Community to stay connected with our latest news, company updates and events. We sincerely appreciate your patience throughout this process. Thanks again, Pinterest Recruiting",
"Your application for Staff Product Manager, Trust & Safety Generalist at Pinterest","Hi Yoomin, Thank you for your interest in joining the Pinterest team! We appreciate the time you took to apply for a role with us and are excited to learn about your skills and experience. We are carefully reviewing each application. If your qualifications align with the requirements of the role, you can expect to hear from one of our recruiters. As we review your application, find inspiration from the people behind the product by exploring our Life at Pinterest Blog for a glimpse behind the curtain into our company culture and discover what it‚Äôs like to be a Pinterest employee. Additionally, we invite you to join our Talent Community to stay connected with our latest news, company updates and events. We sincerely appreciate your patience throughout this process. Thanks again, Pinterest Recruiting",
"Your application for Product Manager II, Curation at Pinterest","Hi Yoomin, Thank you for your interest in joining the Pinterest team! We appreciate the time you took to apply for a role with us and are excited to learn about your skills and experience. We are carefully reviewing each application. If your qualifications align with the requirements of the role, you can expect to hear from one of our recruiters. As we review your application, find inspiration from the people behind the product by exploring our Life at Pinterest Blog for a glimpse behind the curtain into our company culture and discover what it‚Äôs like to be a Pinterest employee. Additionally, we invite you to join our Talent Community to stay connected with our latest news, company updates and events. We sincerely appreciate your patience throughout this process. Thanks again, Pinterest Recruiting",
"Your application for Staff Software Engineer, Ads ML Infra at Pinterest","Hi Yoomin, Thank you for your interest in joining the Pinterest team! We appreciate the time you took to apply for a role with us and are excited to learn about your skills and experience. We are carefully reviewing each application. If your qualifications align with the requirements of the role, you can expect to hear from one of our recruiters. As we review your application, find inspiration from the people behind the product by exploring our Life at Pinterest Blog for a glimpse behind the curtain into our company culture and discover what it‚Äôs like to be a Pinterest employee. Additionally, we invite you to join our Talent Community to stay connected with our latest news, company updates and events. We sincerely appreciate your patience throughout this process. Thanks again, Pinterest Recruiting",
"Your application for Staff Software Engineer, Big Data Query Platform at Pinterest","Hi Yoomin, Thank you for your interest in joining the Pinterest team! We appreciate the time you took to apply for a role with us and are excited to learn about your skills and experience. We are carefully reviewing each application. If your qualifications align with the requirements of the role, you can expect to hear from one of our recruiters. As we review your application, find inspiration from the people behind the product by exploring our Life at Pinterest Blog for a glimpse behind the curtain into our company culture and discover what it‚Äôs like to be a Pinterest employee. Additionally, we invite you to join our Talent Community to stay connected with our latest news, company updates and events. We sincerely appreciate your patience throughout this process. Thanks again, Pinterest Recruiting",
"Your application for Staff Software Engineer, ML Serving Platform at Pinterest","Hi Yoomin, Thank you for your interest in joining the Pinterest team! We appreciate the time you took to apply for a role with us and are excited to learn about your skills and experience. We are carefully reviewing each application. If your qualifications align with the requirements of the role, you can expect to hear from one of our recruiters. As we review your application, find inspiration from the people behind the product by exploring our Life at Pinterest Blog for a glimpse behind the curtain into our company culture and discover what it‚Äôs like to be a Pinterest employee. Additionally, we invite you to join our Talent Community to stay connected with our latest news, company updates and events. We sincerely appreciate your patience throughout this process. Thanks again, Pinterest Recruiting",
"Your application for Staff Software Engineer, Core ML Foundation at Pinterest","Hi Yoomin, Thank you for your interest in joining the Pinterest team! We appreciate the time you took to apply for a role with us and are excited to learn about your skills and experience. We are carefully reviewing each application. If your qualifications align with the requirements of the role, you can expect to hear from one of our recruiters. As we review your application, find inspiration from the people behind the product by exploring our Life at Pinterest Blog for a glimpse behind the curtain into our company culture and discover what it‚Äôs like to be a Pinterest employee. Additionally, we invite you to join our Talent Community to stay connected with our latest news, company updates and events. We sincerely appreciate your patience throughout this process. Thanks again, Pinterest Recruiting",
Your application for University Grad Software Engineer (USA) at Pinterest,"Hi Yoomin, Thank you for your interest in joining the Pinterest team! We appreciate the time you took to apply for a role with us and are excited to learn about your skills and experience. We are carefully reviewing each application. If your qualifications align with the requirements of the role, you can expect to hear from one of our recruiters. As we review your application, find inspiration from the people behind the product by exploring our Life at Pinterest Blog for a glimpse behind the curtain into our company culture and discover what it‚Äôs like to be a Pinterest employee. Additionally, we invite you to join our Talent Community to stay connected with our latest news, company updates and events. We sincerely appreciate your patience throughout this process. Thanks again, Pinterest Recruiting",
Application Update - Subsplash,"Yoomin, Thank you for your interest in Subsplash! I wanted to personally reach out and let you know that we received a significant amount of interest for the Software Development Engineer I (Back-end) position. Our team feels both humbled and proud that so many talented individuals (like you!) want to join our team. This volume of candidates makes for an extremely competitive selection process and means we have to make a lot of tough decisions when it comes to hiring. With that being said, I wanted to let you know that the team has chosen to move forward with other candidates at this time. I know this may come as disappointing news and I wanted to say we appreciate all the effort you put into your application, and we're honored to be a company you are interested in joining. We‚Äôd encourage you to follow us on LinkedIn as a way to stay up to date with future job openings that may spark your interest. Our team wishes you all the best on your job hunt and we truly hope you find a role and company that is a great fit for you. Regards, Brooke Meyers Lead Talent Acquisition Specialist phone: 360 358 3487 website: subsplash.com We're hiring on our award-winning team! Glassdoor's Best Places to Work 2023 Seattle Business Magazine's 2019 & 2020 100 Best Companies To Work For",
Thank you for applying to Duolingo!,"Hi Yoomin, Thank you for applying to Duolingo! This email is to confirm your application has been received. We will review it as soon as we can and reach out if you seem to be a good fit for the position. Warmly, Duolingo Please do not reply to this email. This email is sent from an unmonitored mailbox.",
Thank you for applying to Subsplash,"Yoomin, Thank you so much for your interest in Subsplash and for taking the time to apply for the Software Development Engineer I (Back-end) position. We just wanted to let you know that we received your application and that we're looking forward to reviewing it. If your application seems like a good fit for the position we will contact you soon! We are so humbled by the number of talented people who want to work with us! However, this does result in a large number of applications for every role we open up! We know this is a challenging time to be job-seeking, and we acknowledge you for the hard work you are putting in to find the perfect role for yourself! We know delays can be frustrating, and we are doing our best to review applications and provide updates as quickly as we can, but it may take some time before our tiny (but mighty!) hiring team can get back to you, so we thank you in advance for your patience with any possible delays. We acknowledge that applying for jobs can feel mysterious and you might be wondering what happens to your application after you apply. Well, we want you to know that we have a team of real (& awesome) people who carefully read through every application and they will follow up with you no matter what - no ghosting (or AI bots reviewing resumes) here üëª. We are excited about your candidacy! Heads up: email filtering can be tricky and filter out our email updates regarding the status of your application; we‚Äôd encourage you to keep an eye on your spam and promotion folder, just in case. ** Please note: Do not reply to this email. This email is sent from an unattended mailbox. Replies will not be read.",
Thank you for applying to Sumo Logic,"Hi Yoomin, Thank you for considering a career at Sumo Logic! Your application has been received and we will review it in the upcoming days. If your application seems like a good fit for the position, we will contact you in the coming weeks. Regards, Sumo Logic Recruiting Team ** Please note: Do not reply to this email. This email is sent from an unattended mailbox, and replies will not be read.",
Thank you for applying to Glean,"Hi Yoomin, Thank you for your interest in Glean! We wanted to let you know we received your application for Software Engineer, University Grad, and we are delighted that you would consider joining our team. Our team will review your application and will be in touch if your qualifications match our needs for the role. If you are not selected for this position, keep an eye on our jobs page as we're growing and adding openings. Best, The Glean Team ** Please note: Do not reply to this email. This email is sent from an unattended mailbox. Replies will not be read.",
Thank you for applying to Scale AI,"Yoomin, Thanks for applying to Scale AI. Your application has been received and we will review it right away. If your application seems like a good fit for the position we will contact you soon. Regards, Scale AI ** Please note: Do not reply to this email. This email is sent from an unattended mailbox. Replies will not be read.",
Thank you for Applying to Amazon!,"Thank you for Applying to Amazon! Hi Yoomin, Thanks for applying to Amazon! We've received your application for the Front-End Engineer ‚Äì 2024 (US) (ID: 2738467) position. What happens next? If we decide to move forward with your application, the Amazon recruiting team will reach out to discuss next steps. Any updates to your application status will be reflected on your Application dashboard, so be sure to check back regularly. Go to your application dashboard Explore our interview resources for more information on the hiring process and how to prepare for interviews. To learn more about our peculiar culture, visit Amazon.jobs , and get the latest Amazon news and stories by following our Day One blog . Best regards, Amazon Recruiting Team Amazon is an equal opportunity employer. Protecting your privacy and the security of your data are longstanding top priorities for Amazon. If you are an external candidate, please consult our Privacy Notice to know more about how we collect, use, and transfer the personal data of our candidates. You can let us know if you do not want to be contacted for recruitment purposes. Please refer to the ""What are my rights under applicable data protection laws?"" section of the Notice for more information. If you are an internal candidate, please consult the Employee Privacy Notice . Please don't reply to this email, as we can't review or respond to messages at this address.",
Keep track of your application,"Keep track of your application Hi Yoomin, Thank you for your interest in Front-End Engineer ‚Äì 2024 (US) (ID: 2738467). If you have completed the application: Great! You can now check the application status here . If you are still working on the application: Don't worry! You can complete it here when you're ready. If you'd like to learn more about our culture and peculiar ways, visit amazon.jobs . Or you can get the latest Amazon news and stories by following our Day One blog . Best regards, Amazon Recruiting Team Amazon is an equal opportunity employer. Protecting your privacy and the security of your data are longstanding top priorities for Amazon. If you are an external candidate, please consult our Privacy Notice to know more about how we collect, use, and transfer the personal data of our candidates. You can let us know if you do not want to be contacted for recruitment purposes. Please refer to the ""What are my rights under applicable data protection laws?"" section of the Notice for more information. If you are an internal candidate, please consult the Employee Privacy Notice . Please don't reply to this email, as we can't review or respond to messages at this address.",
Complete Your Netflix New Grad Application | Next Steps,"Hi Yoomin , Thank you for your interest in our Netflix New Grad Software Engineer (2025) role! In order for your application to be reviewed, please complete this Airtable form . Your application will only be considered complete after you submit this form in conjunction with the application you already submitted on our Netflix Careers site. Please only complete the form once; duplicate submissions will not be considered. Due to the large volume of applications we receive, we're sorry that we're unable to personally follow up with each applicant. Our full recruiting process may take several weeks, so we kindly ask for your patience as we complete candidate reviews and interviews. In order to maintain a fair and equitable hiring process, we will not be able to accommodate very tight deadlines. For applicants selected to proceed, the interview process will begin with a CodeSignal pre-screen assessment based on the General Coding Framework. The results from this assessment will be used as just one additional data point to determine who will be invited to the interview rounds. The first round is a technical/coding interview with a software engineer, and then the final round consists of 3 interviews in a 3-hour block (1 problem-solving, 1 system design, 1 behavioral). Your advancement will be based on the feedback at each round. If you're selected to move forward, the next email you receive will come from CodeSignal; we strongly recommend adding no-reply@codesignal.com to your contacts to prevent spam filtering. Our goal is to reach out to candidates who are chosen for initial next steps within the next two to four weeks. If you haven‚Äôt heard from us by then, we may have reached interview capacity. Note that our New Grad interview process is designed to assess your generalist software engineering skills, coding fundamentals, and aptitude. Offers will be extended to join our 2025 New Grad class at Netflix, where we‚Äôll have 2 start date options in Summer 2025 to centralize onboarding programming and training. All incoming New Grad Software Engineers will be matched to individual teams closer to their start dates, with their preferences, skills, and past experience taken into account. Thanks again, and good luck! -The Netflix Emerging Talent Team You received this email because you've applied, been referred, attended a event, or expressed interest in working at Netflix. This email was sent to yoominchoi02@gmail.com by Netflix, Los Gatos,CA,USA. Unsubscribe",
"Yoomin, we have received your application for New Grad Software Engineer (2025)","Hi Yoomin, Thank you for your interest in Netflix! So what happens now? Our hiring team is currently reviewing your application for New Grad Software Engineer (2025) , and should we find your background to be a fit for this role, we will be in touch. We are always looking for stunning colleagues to join our team and do amazing work. So remember to check out our job site regularly as we are growing and adding openings often! Thanks, Netflix Talent Acquisition",
Thanks for applying to Google,"Hi Yoomin Choi, Thanks for applying to Google! There are a ton of great companies out there, so we appreciate your interest in joining our team. While we‚Äôre not able to reach out to every applicant, our recruiting team will contact you if your skills and experience are a strong match for the role. In the meantime, join the conversation about job opportunities and life at Google on our LinkedIn page . Thanks, Google Recruiting Learn more about our Equal Employment Opportunity policy and the EEOC's ""Equal Employment Opportunity is The Law"" (PDF) Pay Transparency Policy Google's Pay Transparency Policy ensures that you won't be discharged or discriminated against based on whether you've inquired about, discussed, or disclosed your pay. Read the full policy (PDF) The information you provide will be used in accordance with Google's applicant and candidate privacy policy .",
Thanks for applying to Adobe,"Dear Yoomin Choi , We wanted to let you know that we received your application for the R148946 2025 University Graduate - Software Development Engineer role. We look forward to learning more about you and we‚Äôll be in touch if your skills and experiences are a match for this role. We'd like to encourage you to review your application status. This link will bring you to the sign in page. Select ‚ÄúCreate Account‚Äù and enter a username and password. Once you sign into your account, you will have the opportunity to review your application status If you created an account after submitting your application, use this link to sign in and access your application status. In the meantime, we invite you to get to know our culture and our people. ‚Ä¢ Adobe Life Blog - Hear from our employees themselves about their career experiences. ‚Ä¢ Best Places to Work Awards ‚Äì There‚Äôs nothing more rewarding than recognition from our employees and the industry. ‚Ä¢ LinkedIn and Twitter ‚Äì We‚Äôd love to stay in touch. Please follow us on LinkedIn and Twitter. Thanks, Adobe's Talent Acquisition Team Privacy is important to Adobe. Our Applicant Privacy Notice explains how we may use any personal data which you may submit as part of the job application process. This email was intended for yoominchoi02@gmail.com Adobe Systems Incorporated ¬∑ 345 Park Ave. San Jose, CA 95110",
Thank you for your application to Figma,"Hi Yoomin, Thank you for your interest in Figma! We wanted to let you know we received your application for Software Engineer - Early Career (2025), and we are delighted that you would consider joining our team. While we‚Äôre not able to respond to every applicant, our recruiting team will contact you if your skills and experience are a strong match for the role. If you are not selected for this position, keep an eye on our jobs page as we‚Äôre growing and adding openings. Best, The Figma Team",
"Yoomin, Thanks for Applying for Salesforce's Software Engineering AMTS/MTS (New Grad)","Hi Yoomin, Hooray! You have officially applied for the Software Engineering AMTS/MTS (New Grad) opening at Salesforce. Thank you for letting us know you‚Äôre interested in discovering new opportunities with us. Good news ‚Äì your information is now in the cloud. A member of our recruiting team will personally review your application. If you‚Äôre a potential match for one of our open positions, we‚Äôll be in touch. If we don‚Äôt have the right role for you now, don‚Äôt worry, we‚Äôll keep your information on file for future opportunities. You can check on the status of your application at any point by logging into our Careers Site. ( https://salesforce.wd12.myworkdayjobs.com/External_Career_Site) Click the button in the right corner, then select ‚Äúview profile.‚Äù Thanks again for considering Salesforce and have a great week! The Salesforce Recruiting Team P.S. This is an auto-generated message. Please do not reply to this email. For information on Salesforce's commitment regarding your privacy, please see our Candidate Privacy Statement Get to know us better here: This email was intended for yoominchoi02@gmail.com salesforce.com inc. ‚Ä¢ Salesforce Tower, 415 Mission Street, 3rd Floor, San Francisco, CA 94105",
"Yoomin, we have received your application for Software Engineer 4 - Consumer UI Engineering","Hi Yoomin, Thank you for your interest in Netflix! So what happens now? Our hiring team is currently reviewing your application for Software Engineer 4 - Consumer UI Engineering , and should we find your background to be a fit for this role, we will be in touch. We are always looking for stunning colleagues to join our team and do amazing work. So remember to check out our job site regularly as we are growing and adding openings often! Thanks, Netflix Talent Acquisition",
TikTok: Application Update | Product Manager  Graduate (TikTok-PGC) - 2025 Start (BS/MS),"Hi Yoomin Choi, ‚Äã Thank you for your application for Product Manager Graduate (TikTok-PGC) - 2025 Start (BS/MS). ‚Äã We recognize your skillsets, experiences, and achievements. However, after careful consideration, we've made the decision to not move forward with your candidacy at this time. ‚Äã Our career site is updated frequently and we recommend visiting it often to explore our latest opportunities. ‚Äã Good luck with your job search and stay inspired ! ‚Äã Best Regards, ‚Äã TikTok Talent Acquisition Team TikTok LinkedIn | Career Website ‚Äã We value your privacy. Please consult our Applicant Privacy policy here about how we collect, use and transfer your sensitive data. ‚Äã",
TikTok: Application Update | Product Manager Graduate (TikTok-Product-Product Infrastructure) - 2025 Start (BS/MS),"Hi Yoomin Choi, ‚Äã Thank you for your application for Product Manager Graduate (TikTok-Product-Product Infrastructure) - 2025 Start (BS/MS). ‚Äã We recognize your skillsets, experiences, and achievements. However, after careful consideration, we've made the decision to not move forward with your candidacy at this time. ‚Äã Our career site is updated frequently and we recommend visiting it often to explore our latest opportunities. ‚Äã Good luck with your job search and stay inspired ! ‚Äã Best Regards, ‚Äã TikTok Talent Acquisition Team TikTok LinkedIn | Career Website ‚Äã We value your privacy. Please consult our Applicant Privacy policy here about how we collect, use and transfer your sensitive data. ‚Äã",
"Yoomin, Thanks for Applying for Salesforce's Associate Product Manager","Hi Yoomin, Hooray! You have officially applied for the Associate Product Manager opening at Salesforce. Thank you for letting us know you‚Äôre interested in discovering new opportunities with us. Good news ‚Äì your information is now in the cloud. A member of our recruiting team will personally review your application. If you‚Äôre a potential match for one of our open positions, we‚Äôll be in touch. If we don‚Äôt have the right role for you now, don‚Äôt worry, we‚Äôll keep your information on file for future opportunities. You can check on the status of your application at any point by logging into our Careers Site. ( https://salesforce.wd12.myworkdayjobs.com/External_Career_Site) Click the button in the right corner, then select ‚Äúview profile.‚Äù Thanks again for considering Salesforce and have a great week! The Salesforce Recruiting Team P.S. This is an auto-generated message. Please do not reply to this email. For information on Salesforce's commitment regarding your privacy, please see our Candidate Privacy Statement Get to know us better here: This email was intended for yoominchoi02@gmail.com salesforce.com inc. ‚Ä¢ Salesforce Tower, 415 Mission Street, 3rd Floor, San Francisco, CA 94105",
Thank you for applying to ByteDance!,"Hi Yoomin Choi, We received your application for the Product Manager Graduate (TikTok-Product-Product Infrastructure) - 2025 Start (BS/MS) role within ByteDance and it's in good hands! We are truly excited you want to join ByteDance! Our talent acquisition team is currently reviewing applications and if you are successful, they will reach out to you directly via email or phone with the next steps. In the meantime, you can update your application anytime by logging onto our careers website . If you have more questions, please visit our FAQ page . Thanks again and we‚Äôll be in touch soon! Best, ByteDance Talent Acquisition Team",
"You have applied to Cisco Job Product Management Specialist I (Full Time) United States, Job ID 1426742","Hi Yoomin, Thank you for applying at Cisco! We think it's a great place to work, and we're excited that you're interested in joining us as a Product Management Specialist I (Full Time) United States, Job ID 1426742 here. What's next? Please upload your resume to your Cisco Careers profile if you haven't done so already. We'll use the information you provided and assess your background based on the role requirements. If there's a potential match for the position, we will contact you to discuss next steps. We may also use this information to consider you for future openings that match your skills and experience, in which case we would contact you directly. To update your profile, view application status, or search for other exciting opportunities, please visit our Cisco Careers . Meanwhile, keep checking for other roles that might match your interests, and even set up job alerts to notify you of any new openings. Thank you again for your interest in Cisco. Best Regards, Cisco Recruiting Email ID: 122 This address is unattended and cannot help with questions or requests. To receive these auto-notifications, please add donotreply@cisco.avature.net to your address book. Follow We Are Cisco ¬©2024 Cisco and/or its affiliates Jobs Help Cisco.com Privacy Statement Trademarks",